scons: Reading SConscript files ...
Mkdir("/workspace/gem5-fp8/build/RISCV/gem5.build")
Checking for linker -Wl,--as-needed support... yes
Checking for compiler -gz support... yes
Checking for linker -gz support... yes
Info: Using Python config: python3-config
Checking for C header file Python.h... yes
Checking Python version... 3.10.12
Checking for accept(0,0,0) in C++ library None... yes
Checking for zlibVersion() in C++ library z... yes
Checking for C library tcmalloc_minimal... yes
Building in /workspace/gem5-fp8/build/RISCV
"build_tools/kconfig_base.py" "/workspace/gem5-fp8/build/RISCV/gem5.build/Kconfig" "/workspace/gem5-fp8/src/Kconfig"
Checking size of struct kvm_xsave ... yes
Checking for C header file fenv.h... yes
Checking for C header file png.h... yes
Checking for clock_nanosleep(0,0,NULL,NULL) in C library None... yes
Checking for C header file valgrind/valgrind.h... no
Checking for pkg-config package hdf5-serial... (cached) yes
Checking for H5Fcreate("", 0, 0, 0) in C library hdf5... yes
Checking for H5::H5File("", 0) in C++ library hdf5_cpp... yes
Checking for C header file capstone/capstone.h... no
Warning: Header file <capstone/capstone.h> not found.
         This host has no capstone library installed.
Checking for C header file linux/kvm.h... yes
Checking for timer_create(CLOCK_MONOTONIC, NULL, NULL) in C library None... yes
Checking for member exclude_host in struct perf_event_attr...yes
Checking for C header file linux/if_tun.h... yes
Checking for shm_open("/test", 0, 0) in C library None... yes
Checking for pkg-config package protobuf... (cached) yes
Checking for backtrace_symbols_fd((void *)1, 0, 0) in C library None... yes
Checking whether __i386__ is declared... no
Checking whether __x86_64__ is declared... yes
Generating LALR tables
WARNING: 4 shift/reduce conflicts
WARNING: 1 reduce/reduce conflict
WARNING: reduce/reduce conflict in state 98 resolved using rule (params -> empty)
WARNING: rejected rule (types -> empty) in state 98
Checking for compiler -Wno-self-assign-overloaded support... yes
Checking for linker -Wno-free-nonheap-object support... yes
scons: done reading SConscript files.
scons: Building targets ...
 [ TRACING]  -> RISCV/debug/IntRegs.cc
 [ TRACING]  -> RISCV/debug/FloatRegs.cc
 [ TRACING]  -> RISCV/debug/VecRegs.cc
 [ TRACING]  -> RISCV/debug/VecPredRegs.cc
 [ TRACING]  -> RISCV/debug/MatRegs.cc
 [ TRACING]  -> RISCV/debug/CCRegs.cc
 [ TRACING]  -> RISCV/debug/MiscRegs.cc
 [ TRACING]  -> RISCV/debug/Registers.cc
 [ TRACING]  -> RISCV/debug/Decoder.cc
 [ TRACING]  -> RISCV/debug/Faults.cc
 [ TRACING]  -> RISCV/debug/TLBVerbose.cc
 [CONFIG H] HAVE_DEPRECATED_NAMESPACE, 1 -> RISCV/config/have_deprecated_namespace.hh
 [ TRACING]  -> RISCV/debug/MiscRegs.hh
 [ TRACING]  -> RISCV/debug/InvalidReg.hh
 [ TRACING]  -> RISCV/debug/Decoder.hh
 [EMBED PY] src/arch/generic/BaseSemihosting.py -> RISCV/arch/generic/BaseSemihosting.py.cc
 [EMBED PY] src/arch/generic/BaseInterrupts.py -> RISCV/arch/generic/BaseInterrupts.py.cc
 [EMBED PY] src/arch/generic/BaseISA.py -> RISCV/arch/generic/BaseISA.py.cc
 [EMBED PY] src/arch/generic/BaseMMU.py -> RISCV/arch/generic/BaseMMU.py.cc
 [EMBED PY] src/arch/generic/BaseTLB.py -> RISCV/arch/generic/BaseTLB.py.cc
 [ TRACING]  -> RISCV/debug/Faults.hh
 [ TRACING]  -> RISCV/debug/Registers.hh
 [ TRACING]  -> RISCV/debug/CCRegs.hh
 [ TRACING]  -> RISCV/debug/IntRegs.hh
 [ TRACING]  -> RISCV/debug/VecRegs.hh
 [ TRACING]  -> RISCV/debug/TLBVerbose.hh
 [ TRACING]  -> RISCV/debug/VecPredRegs.hh
 [ TRACING]  -> RISCV/debug/MatRegs.hh
 [ TRACING]  -> RISCV/debug/FloatRegs.hh
 [EMBED PY] src/arch/generic/InstDecoder.py -> RISCV/arch/generic/InstDecoder.py.cc
 [EMBED PY] src/arch/riscv/PMAChecker.py -> RISCV/arch/riscv/PMAChecker.py.cc
 [EMBED PY] src/arch/riscv/PMP.py -> RISCV/arch/riscv/PMP.py.cc
 [EMBED PY] src/arch/riscv/RiscvDecoder.py -> RISCV/arch/riscv/RiscvDecoder.py.cc
 [EMBED PY] src/arch/riscv/RiscvFsWorkload.py -> RISCV/arch/riscv/RiscvFsWorkload.py.cc
 [EMBED PY] src/arch/riscv/RiscvInterrupts.py -> RISCV/arch/riscv/RiscvInterrupts.py.cc
 [     CXX] RISCV/arch/generic/BaseTLB.py.cc -> .pyo
 [     CXX] RISCV/arch/generic/BaseSemihosting.py.cc -> .pyo
 [     CXX] RISCV/arch/generic/BaseInterrupts.py.cc -> .pyo
 [     CXX] RISCV/arch/generic/BaseMMU.py.cc -> .pyo
 [     CXX] RISCV/arch/generic/BaseISA.py.cc -> .pyo
 [EMBED PY] src/arch/riscv/RiscvISA.py -> RISCV/arch/riscv/RiscvISA.py.cc
 [     CXX] RISCV/arch/riscv/RiscvInterrupts.py.cc -> .pyo
 [     CXX] RISCV/arch/riscv/PMP.py.cc -> .pyo
 [     CXX] RISCV/arch/riscv/RiscvFsWorkload.py.cc -> .pyo
 [     CXX] RISCV/arch/riscv/RiscvDecoder.py.cc -> .pyo
 [     CXX] RISCV/arch/riscv/PMAChecker.py.cc -> .pyo
 [     CXX] RISCV/arch/generic/InstDecoder.py.cc -> .pyo
 [EMBED PY] src/arch/riscv/RiscvMMU.py -> RISCV/arch/riscv/RiscvMMU.py.cc
 [EMBED PY] src/arch/riscv/RiscvSemihosting.py -> RISCV/arch/riscv/RiscvSemihosting.py.cc
 [EMBED PY] src/arch/riscv/RiscvSeWorkload.py -> RISCV/arch/riscv/RiscvSeWorkload.py.cc
 [EMBED PY] src/arch/riscv/RiscvTLB.py -> RISCV/arch/riscv/RiscvTLB.py.cc
 [EMBED PY] src/arch/riscv/RiscvCPU.py -> RISCV/arch/riscv/RiscvCPU.py.cc
 [EMBED PY] src/base/Graphics.py -> RISCV/base/Graphics.py.cc
 [EMBED PY] src/base/filters/BloomFilters.py -> RISCV/base/filters/BloomFilters.py.cc
 [EMBED PY] src/base/vnc/Vnc.py -> RISCV/base/vnc/Vnc.py.cc
 [     CXX] RISCV/arch/riscv/RiscvISA.py.cc -> .pyo
 [     CXX] RISCV/arch/riscv/RiscvSemihosting.py.cc -> .pyo
 [     CXX] RISCV/arch/riscv/RiscvMMU.py.cc -> .pyo
 [     CXX] RISCV/arch/riscv/RiscvTLB.py.cc -> .pyo
 [     CXX] RISCV/arch/riscv/RiscvSeWorkload.py.cc -> .pyo
 [     CXX] RISCV/arch/riscv/RiscvCPU.py.cc -> .pyo
 [     CXX] RISCV/base/filters/BloomFilters.py.cc -> .pyo
 [     CXX] RISCV/base/vnc/Vnc.py.cc -> .pyo
 [     CXX] RISCV/base/Graphics.py.cc -> .pyo
 [EMBED PY] src/cpu/FuncUnit.py -> RISCV/cpu/FuncUnit.py.cc
 [EMBED PY] src/cpu/StaticInstFlags.py -> RISCV/cpu/StaticInstFlags.py.cc
 [EMBED PY] src/cpu/InstPBTrace.py -> RISCV/cpu/InstPBTrace.py.cc
 [EMBED PY] src/cpu/CheckerCPU.py -> RISCV/cpu/CheckerCPU.py.cc
 [     CXX] RISCV/cpu/FuncUnit.py.cc -> .pyo
 [     CXX] RISCV/cpu/StaticInstFlags.py.cc -> .pyo
 [     CXX] RISCV/cpu/InstPBTrace.py.cc -> .pyo
 [EMBED PY] src/cpu/BaseCPU.py -> RISCV/cpu/BaseCPU.py.cc
 [EMBED PY] src/cpu/CpuCluster.py -> RISCV/cpu/CpuCluster.py.cc
 [EMBED PY] src/cpu/CPUTracers.py -> RISCV/cpu/CPUTracers.py.cc
 [EMBED PY] src/cpu/TimingExpr.py -> RISCV/cpu/TimingExpr.py.cc
 [EMBED PY] src/cpu/DummyChecker.py -> RISCV/cpu/DummyChecker.py.cc
 [EMBED PY] src/cpu/kvm/KvmVM.py -> RISCV/cpu/kvm/KvmVM.py.cc
 [EMBED PY] src/cpu/kvm/BaseKvmCPU.py -> RISCV/cpu/kvm/BaseKvmCPU.py.cc
 [EMBED PY] src/cpu/minor/BaseMinorCPU.py -> RISCV/cpu/minor/BaseMinorCPU.py.cc
 [EMBED PY] src/cpu/minor/MinorCPU.py -> RISCV/cpu/minor/MinorCPU.py.cc
 [EMBED PY] src/cpu/o3/FUPool.py -> RISCV/cpu/o3/FUPool.py.cc
 [     CXX] RISCV/cpu/CheckerCPU.py.cc -> .pyo
 [     CXX] RISCV/cpu/CPUTracers.py.cc -> .pyo
 [     CXX] RISCV/cpu/kvm/KvmVM.py.cc -> .pyo
 [     CXX] RISCV/cpu/DummyChecker.py.cc -> .pyo
 [     CXX] RISCV/cpu/CpuCluster.py.cc -> .pyo
 [     CXX] RISCV/cpu/TimingExpr.py.cc -> .pyo
 [     CXX] RISCV/cpu/BaseCPU.py.cc -> .pyo
 [     CXX] RISCV/cpu/o3/FUPool.py.cc -> .pyo
 [     CXX] RISCV/cpu/kvm/BaseKvmCPU.py.cc -> .pyo
 [     CXX] RISCV/cpu/minor/BaseMinorCPU.py.cc -> .pyo
 [     CXX] RISCV/cpu/minor/MinorCPU.py.cc -> .pyo
 [EMBED PY] src/cpu/o3/FuncUnitConfig.py -> RISCV/cpu/o3/FuncUnitConfig.py.cc
 [     CXX] RISCV/cpu/o3/FuncUnitConfig.py.cc -> .pyo
 [EMBED PY] src/cpu/o3/BaseO3CPU.py -> RISCV/cpu/o3/BaseO3CPU.py.cc
 [EMBED PY] src/cpu/o3/BaseO3Checker.py -> RISCV/cpu/o3/BaseO3Checker.py.cc
 [EMBED PY] src/cpu/o3/O3CPU.py -> RISCV/cpu/o3/O3CPU.py.cc
 [     CXX] RISCV/cpu/o3/BaseO3Checker.py.cc -> .pyo
 [     CXX] RISCV/cpu/o3/BaseO3CPU.py.cc -> .pyo
 [     CXX] RISCV/cpu/o3/O3CPU.py.cc -> .pyo
 [EMBED PY] src/cpu/o3/O3Checker.py -> RISCV/cpu/o3/O3Checker.py.cc
 [EMBED PY] src/cpu/o3/probe/SimpleTrace.py -> RISCV/cpu/o3/probe/SimpleTrace.py.cc
 [EMBED PY] src/cpu/o3/probe/ElasticTrace.py -> RISCV/cpu/o3/probe/ElasticTrace.py.cc
 [EMBED PY] src/cpu/pred/BranchPredictor.py -> RISCV/cpu/pred/BranchPredictor.py.cc
 [EMBED PY] src/cpu/probes/PcCountTracker.py -> RISCV/cpu/probes/PcCountTracker.py.cc
 [     CXX] RISCV/cpu/o3/probe/SimpleTrace.py.cc -> .pyo
 [     CXX] RISCV/cpu/o3/O3Checker.py.cc -> .pyo
 [EMBED PY] src/cpu/simple/BaseAtomicSimpleCPU.py -> RISCV/cpu/simple/BaseAtomicSimpleCPU.py.cc
 [EMBED PY] src/cpu/simple/BaseNonCachingSimpleCPU.py -> RISCV/cpu/simple/BaseNonCachingSimpleCPU.py.cc
 [EMBED PY] src/cpu/simple/BaseTimingSimpleCPU.py -> RISCV/cpu/simple/BaseTimingSimpleCPU.py.cc
 [EMBED PY] src/cpu/simple/BaseSimpleCPU.py -> RISCV/cpu/simple/BaseSimpleCPU.py.cc
 [EMBED PY] src/cpu/simple/AtomicSimpleCPU.py -> RISCV/cpu/simple/AtomicSimpleCPU.py.cc
 [EMBED PY] src/cpu/simple/NonCachingSimpleCPU.py -> RISCV/cpu/simple/NonCachingSimpleCPU.py.cc
 [EMBED PY] src/cpu/simple/TimingSimpleCPU.py -> RISCV/cpu/simple/TimingSimpleCPU.py.cc
 [EMBED PY] src/cpu/simple/probes/SimPoint.py -> RISCV/cpu/simple/probes/SimPoint.py.cc
 [     CXX] RISCV/cpu/pred/BranchPredictor.py.cc -> .pyo
 [     CXX] RISCV/cpu/probes/PcCountTracker.py.cc -> .pyo
 [     CXX] RISCV/cpu/o3/probe/ElasticTrace.py.cc -> .pyo
 [EMBED PY] src/cpu/testers/directedtest/RubyDirectedTester.py -> RISCV/cpu/testers/directedtest/RubyDirectedTester.py.cc
 [     CXX] RISCV/cpu/simple/BaseAtomicSimpleCPU.py.cc -> .pyo
 [     CXX] RISCV/cpu/simple/NonCachingSimpleCPU.py.cc -> .pyo
 [     CXX] RISCV/cpu/simple/BaseSimpleCPU.py.cc -> .pyo
 [     CXX] RISCV/cpu/simple/BaseNonCachingSimpleCPU.py.cc -> .pyo
 [     CXX] RISCV/cpu/simple/BaseTimingSimpleCPU.py.cc -> .pyo
 [     CXX] RISCV/cpu/testers/directedtest/RubyDirectedTester.py.cc -> .pyo
 [     CXX] RISCV/cpu/simple/probes/SimPoint.py.cc -> .pyo
 [     CXX] RISCV/cpu/simple/TimingSimpleCPU.py.cc -> .pyo
 [     CXX] RISCV/cpu/simple/AtomicSimpleCPU.py.cc -> .pyo
 [EMBED PY] src/cpu/testers/garnet_synthetic_traffic/GarnetSyntheticTraffic.py -> RISCV/cpu/testers/garnet_synthetic_traffic/GarnetSyntheticTraffic.py.cc
 [     CXX] RISCV/cpu/testers/garnet_synthetic_traffic/GarnetSyntheticTraffic.py.cc -> .pyo
 [EMBED PY] src/cpu/testers/memtest/MemTest.py -> RISCV/cpu/testers/memtest/MemTest.py.cc
 [     CXX] RISCV/cpu/testers/memtest/MemTest.py.cc -> .pyo
 [EMBED PY] src/cpu/testers/rubytest/RubyTester.py -> RISCV/cpu/testers/rubytest/RubyTester.py.cc
 [     CXX] RISCV/cpu/testers/rubytest/RubyTester.py.cc -> .pyo
 [EMBED PY] src/cpu/testers/traffic_gen/BaseTrafficGen.py -> RISCV/cpu/testers/traffic_gen/BaseTrafficGen.py.cc
 [     CXX] RISCV/cpu/testers/traffic_gen/BaseTrafficGen.py.cc -> .pyo
 [EMBED PY] src/cpu/testers/traffic_gen/GUPSGen.py -> RISCV/cpu/testers/traffic_gen/GUPSGen.py.cc
 [EMBED PY] src/cpu/testers/traffic_gen/PyTrafficGen.py -> RISCV/cpu/testers/traffic_gen/PyTrafficGen.py.cc
 [EMBED PY] src/cpu/testers/traffic_gen/TrafficGen.py -> RISCV/cpu/testers/traffic_gen/TrafficGen.py.cc
 [     CXX] RISCV/cpu/testers/traffic_gen/TrafficGen.py.cc -> .pyo
 [     CXX] RISCV/cpu/testers/traffic_gen/PyTrafficGen.py.cc -> .pyo
 [     CXX] RISCV/cpu/testers/traffic_gen/GUPSGen.py.cc -> .pyo
 [EMBED PY] src/cpu/trace/TraceCPU.py -> RISCV/cpu/trace/TraceCPU.py.cc
 [EMBED PY] src/dev/Device.py -> RISCV/dev/Device.py.cc
 [EMBED PY] src/dev/IntPin.py -> RISCV/dev/IntPin.py.cc
 [EMBED PY] src/dev/ResetPort.py -> RISCV/dev/ResetPort.py.cc
 [EMBED PY] src/dev/Platform.py -> RISCV/dev/Platform.py.cc
 [EMBED PY] src/dev/BadDevice.py -> RISCV/dev/BadDevice.py.cc
 [EMBED PY] src/dev/i2c/I2C.py -> RISCV/dev/i2c/I2C.py.cc
 [EMBED PY] src/dev/lupio/LupioBLK.py -> RISCV/dev/lupio/LupioBLK.py.cc
 [EMBED PY] src/dev/lupio/LupioIPI.py -> RISCV/dev/lupio/LupioIPI.py.cc
 [EMBED PY] src/dev/lupio/LupioPIC.py -> RISCV/dev/lupio/LupioPIC.py.cc
 [EMBED PY] src/dev/lupio/LupioRNG.py -> RISCV/dev/lupio/LupioRNG.py.cc
 [EMBED PY] src/dev/lupio/LupioRTC.py -> RISCV/dev/lupio/LupioRTC.py.cc
 [EMBED PY] src/dev/lupio/LupioTMR.py -> RISCV/dev/lupio/LupioTMR.py.cc
 [     CXX] RISCV/dev/lupio/LupioTMR.py.cc -> .pyo
 [     CXX] RISCV/dev/lupio/LupioIPI.py.cc -> .pyo
 [     CXX] RISCV/dev/lupio/LupioBLK.py.cc -> .pyo
 [     CXX] RISCV/dev/lupio/LupioPIC.py.cc -> .pyo
 [     CXX] RISCV/dev/i2c/I2C.py.cc -> .pyo
 [     CXX] RISCV/dev/BadDevice.py.cc -> .pyo
 [     CXX] RISCV/dev/Platform.py.cc -> .pyo
 [     CXX] RISCV/dev/ResetPort.py.cc -> .pyo
 [     CXX] RISCV/dev/Device.py.cc -> .pyo
 [     CXX] RISCV/cpu/trace/TraceCPU.py.cc -> .pyo
 [     CXX] RISCV/dev/IntPin.py.cc -> .pyo
 [     CXX] RISCV/dev/lupio/LupioRTC.py.cc -> .pyo
 [     CXX] RISCV/dev/lupio/LupioRNG.py.cc -> .pyo
 [EMBED PY] src/dev/lupio/LupioTTY.py -> RISCV/dev/lupio/LupioTTY.py.cc
 [EMBED PY] src/dev/lupio/LupioSYS.py -> RISCV/dev/lupio/LupioSYS.py.cc
 [     CXX] RISCV/dev/lupio/LupioTTY.py.cc -> .pyo
 [     CXX] RISCV/dev/lupio/LupioSYS.py.cc -> .pyo
 [EMBED PY] src/dev/net/Ethernet.py -> RISCV/dev/net/Ethernet.py.cc
 [     CXX] RISCV/dev/net/Ethernet.py.cc -> .pyo
 [EMBED PY] src/dev/pci/PciDevice.py -> RISCV/dev/pci/PciDevice.py.cc
 [     CXX] RISCV/dev/pci/PciDevice.py.cc -> .pyo
 [EMBED PY] src/dev/pci/PciHost.py -> RISCV/dev/pci/PciHost.py.cc
 [EMBED PY] src/dev/pci/CopyEngine.py -> RISCV/dev/pci/CopyEngine.py.cc
 [EMBED PY] src/dev/ps2/PS2.py -> RISCV/dev/ps2/PS2.py.cc
 [EMBED PY] src/dev/qemu/QemuFwCfg.py -> RISCV/dev/qemu/QemuFwCfg.py.cc
 [     CXX] RISCV/dev/pci/PciHost.py.cc -> .pyo
 [     CXX] RISCV/dev/pci/CopyEngine.py.cc -> .pyo
 [     CXX] RISCV/dev/ps2/PS2.py.cc -> .pyo
 [EMBED PY] src/dev/riscv/HiFive.py -> RISCV/dev/riscv/HiFive.py.cc
 [     CXX] RISCV/dev/qemu/QemuFwCfg.py.cc -> .pyo
 [EMBED PY] src/dev/riscv/LupV.py -> RISCV/dev/riscv/LupV.py.cc
 [EMBED PY] src/dev/riscv/Clint.py -> RISCV/dev/riscv/Clint.py.cc
 [EMBED PY] src/dev/riscv/PlicDevice.py -> RISCV/dev/riscv/PlicDevice.py.cc
 [EMBED PY] src/dev/riscv/Plic.py -> RISCV/dev/riscv/Plic.py.cc
 [EMBED PY] src/dev/riscv/RTC.py -> RISCV/dev/riscv/RTC.py.cc
 [EMBED PY] src/dev/riscv/RiscvVirtIOMMIO.py -> RISCV/dev/riscv/RiscvVirtIOMMIO.py.cc
 [EMBED PY] src/dev/serial/Serial.py -> RISCV/dev/serial/Serial.py.cc
 [EMBED PY] src/dev/serial/Terminal.py -> RISCV/dev/serial/Terminal.py.cc
 [EMBED PY] src/dev/serial/Uart.py -> RISCV/dev/serial/Uart.py.cc
 [EMBED PY] src/dev/storage/Ide.py -> RISCV/dev/storage/Ide.py.cc
 [     CXX] RISCV/dev/riscv/HiFive.py.cc -> .pyo
 [EMBED PY] src/dev/storage/DiskImage.py -> RISCV/dev/storage/DiskImage.py.cc
 [     CXX] RISCV/dev/riscv/LupV.py.cc -> .pyo
 [     CXX] RISCV/dev/riscv/Clint.py.cc -> .pyo
 [     CXX] RISCV/dev/serial/Uart.py.cc -> .pyo
 [     CXX] RISCV/dev/serial/Serial.py.cc -> .pyo
 [     CXX] RISCV/dev/serial/Terminal.py.cc -> .pyo
 [     CXX] RISCV/dev/riscv/RiscvVirtIOMMIO.py.cc -> .pyo
 [     CXX] RISCV/dev/storage/Ide.py.cc -> .pyo
 [     CXX] RISCV/dev/riscv/RTC.py.cc -> .pyo
 [     CXX] RISCV/dev/riscv/PlicDevice.py.cc -> .pyo
 [     CXX] RISCV/dev/riscv/Plic.py.cc -> .pyo
 [EMBED PY] src/dev/storage/SimpleDisk.py -> RISCV/dev/storage/SimpleDisk.py.cc
 [     CXX] RISCV/dev/storage/DiskImage.py.cc -> .pyo
 [     CXX] RISCV/dev/storage/SimpleDisk.py.cc -> .pyo
 [EMBED PY] src/dev/virtio/VirtIO.py -> RISCV/dev/virtio/VirtIO.py.cc
 [EMBED PY] src/dev/virtio/VirtIOConsole.py -> RISCV/dev/virtio/VirtIOConsole.py.cc
 [     CXX] RISCV/dev/virtio/VirtIO.py.cc -> .pyo
 [     CXX] RISCV/dev/virtio/VirtIOConsole.py.cc -> .pyo
 [EMBED PY] src/dev/virtio/VirtIOBlock.py -> RISCV/dev/virtio/VirtIOBlock.py.cc
 [     CXX] RISCV/dev/virtio/VirtIOBlock.py.cc -> .pyo
 [EMBED PY] src/dev/virtio/VirtIORng.py -> RISCV/dev/virtio/VirtIORng.py.cc
 [EMBED PY] src/dev/virtio/VirtIO9P.py -> RISCV/dev/virtio/VirtIO9P.py.cc
 [EMBED PY] src/learning_gem5/part2/SimpleObject.py -> RISCV/learning_gem5/part2/SimpleObject.py.cc
 [EMBED PY] src/learning_gem5/part2/HelloObject.py -> RISCV/learning_gem5/part2/HelloObject.py.cc
 [EMBED PY] src/learning_gem5/part2/SimpleMemobj.py -> RISCV/learning_gem5/part2/SimpleMemobj.py.cc
 [EMBED PY] src/learning_gem5/part2/SimpleCache.py -> RISCV/learning_gem5/part2/SimpleCache.py.cc
 [     CXX] RISCV/dev/virtio/VirtIORng.py.cc -> .pyo
 [EMBED PY] src/mem/CommMonitor.py -> RISCV/mem/CommMonitor.py.cc
 [     CXX] RISCV/learning_gem5/part2/SimpleMemobj.py.cc -> .pyo
 [     CXX] RISCV/learning_gem5/part2/HelloObject.py.cc -> .pyo
 [     CXX] RISCV/learning_gem5/part2/SimpleObject.py.cc -> .pyo
 [     CXX] RISCV/learning_gem5/part2/SimpleCache.py.cc -> .pyo
 [     CXX] RISCV/dev/virtio/VirtIO9P.py.cc -> .pyo
 [EMBED PY] src/mem/AbstractMemory.py -> RISCV/mem/AbstractMemory.py.cc
 [EMBED PY] src/mem/AddrMapper.py -> RISCV/mem/AddrMapper.py.cc
 [EMBED PY] src/mem/Bridge.py -> RISCV/mem/Bridge.py.cc
 [EMBED PY] src/mem/SysBridge.py -> RISCV/mem/SysBridge.py.cc
 [EMBED PY] src/mem/MemCtrl.py -> RISCV/mem/MemCtrl.py.cc
 [EMBED PY] src/mem/HeteroMemCtrl.py -> RISCV/mem/HeteroMemCtrl.py.cc
 [EMBED PY] src/mem/HBMCtrl.py -> RISCV/mem/HBMCtrl.py.cc
 [     CXX] RISCV/mem/CommMonitor.py.cc -> .pyo
 [EMBED PY] src/mem/MemInterface.py -> RISCV/mem/MemInterface.py.cc
 [EMBED PY] src/mem/DRAMInterface.py -> RISCV/mem/DRAMInterface.py.cc
 [     CXX] RISCV/mem/AbstractMemory.py.cc -> .pyo
 [     CXX] RISCV/mem/AddrMapper.py.cc -> .pyo
 [     CXX] RISCV/mem/Bridge.py.cc -> .pyo
 [     CXX] RISCV/mem/SysBridge.py.cc -> .pyo
 [     CXX] RISCV/mem/MemCtrl.py.cc -> .pyo
 [     CXX] RISCV/mem/HeteroMemCtrl.py.cc -> .pyo
 [     CXX] RISCV/mem/HBMCtrl.py.cc -> .pyo
 [     CXX] RISCV/mem/MemInterface.py.cc -> .pyo
 [EMBED PY] src/mem/NVMInterface.py -> RISCV/mem/NVMInterface.py.cc
 [     CXX] RISCV/mem/DRAMInterface.py.cc -> .pyo
 [     CXX] RISCV/mem/NVMInterface.py.cc -> .pyo
 [EMBED PY] src/mem/ExternalMaster.py -> RISCV/mem/ExternalMaster.py.cc
 [     CXX] RISCV/mem/ExternalMaster.py.cc -> .pyo
 [EMBED PY] src/mem/ExternalSlave.py -> RISCV/mem/ExternalSlave.py.cc
 [     CXX] RISCV/mem/ExternalSlave.py.cc -> .pyo
 [EMBED PY] src/mem/CfiMemory.py -> RISCV/mem/CfiMemory.py.cc
 [EMBED PY] src/mem/SharedMemoryServer.py -> RISCV/mem/SharedMemoryServer.py.cc
 [EMBED PY] src/mem/SimpleMemory.py -> RISCV/mem/SimpleMemory.py.cc
 [EMBED PY] src/mem/XBar.py -> RISCV/mem/XBar.py.cc
 [EMBED PY] src/mem/HMCController.py -> RISCV/mem/HMCController.py.cc
 [EMBED PY] src/mem/SerialLink.py -> RISCV/mem/SerialLink.py.cc
 [EMBED PY] src/mem/MemDelay.py -> RISCV/mem/MemDelay.py.cc
 [     CXX] RISCV/mem/SharedMemoryServer.py.cc -> .pyo
 [     CXX] RISCV/mem/CfiMemory.py.cc -> .pyo
 [EMBED PY] src/mem/PortTerminator.py -> RISCV/mem/PortTerminator.py.cc
 [EMBED PY] src/mem/ThreadBridge.py -> RISCV/mem/ThreadBridge.py.cc
 [EMBED PY] src/mem/MemChecker.py -> RISCV/mem/MemChecker.py.cc
 [EMBED PY] src/mem/cache/Cache.py -> RISCV/mem/cache/Cache.py.cc
 [EMBED PY] src/mem/cache/compressors/Compressors.py -> RISCV/mem/cache/compressors/Compressors.py.cc
 [EMBED PY] src/mem/cache/prefetch/Prefetcher.py -> RISCV/mem/cache/prefetch/Prefetcher.py.cc
 [EMBED PY] src/mem/cache/replacement_policies/ReplacementPolicies.py -> RISCV/mem/cache/replacement_policies/ReplacementPolicies.py.cc
 [EMBED PY] src/mem/cache/tags/Tags.py -> RISCV/mem/cache/tags/Tags.py.cc
 [EMBED PY] src/mem/cache/tags/indexing_policies/IndexingPolicies.py -> RISCV/mem/cache/tags/indexing_policies/IndexingPolicies.py.cc
 [EMBED PY] src/mem/cache/tags/partitioning_policies/PartitioningPolicies.py -> RISCV/mem/cache/tags/partitioning_policies/PartitioningPolicies.py.cc
 [     CXX] RISCV/mem/MemDelay.py.cc -> .pyo
 [     CXX] RISCV/mem/XBar.py.cc -> .pyo
 [     CXX] RISCV/mem/SerialLink.py.cc -> .pyo
 [     CXX] RISCV/mem/HMCController.py.cc -> .pyo
 [     CXX] RISCV/mem/SimpleMemory.py.cc -> .pyo
 [     CXX] RISCV/mem/PortTerminator.py.cc -> .pyo
 [     CXX] RISCV/mem/ThreadBridge.py.cc -> .pyo
 [     CXX] RISCV/mem/MemChecker.py.cc -> .pyo
 [     CXX] RISCV/mem/cache/Cache.py.cc -> .pyo
 [     CXX] RISCV/mem/cache/tags/indexing_policies/IndexingPolicies.py.cc -> .pyo
 [     CXX] RISCV/mem/cache/tags/partitioning_policies/PartitioningPolicies.py.cc -> .pyo
 [     CXX] RISCV/mem/cache/prefetch/Prefetcher.py.cc -> .pyo
 [     CXX] RISCV/mem/cache/replacement_policies/ReplacementPolicies.py.cc -> .pyo
 [     CXX] RISCV/mem/cache/tags/Tags.py.cc -> .pyo
 [     CXX] RISCV/mem/cache/compressors/Compressors.py.cc -> .pyo
 [EMBED PY] src/mem/probes/BaseMemProbe.py -> RISCV/mem/probes/BaseMemProbe.py.cc
 [     CXX] RISCV/mem/probes/BaseMemProbe.py.cc -> .pyo
 [EMBED PY] src/mem/probes/StackDistProbe.py -> RISCV/mem/probes/StackDistProbe.py.cc
 [     CXX] RISCV/mem/probes/StackDistProbe.py.cc -> .pyo
 [EMBED PY] src/mem/probes/MemFootprintProbe.py -> RISCV/mem/probes/MemFootprintProbe.py.cc
 [EMBED PY] src/mem/probes/MemTraceProbe.py -> RISCV/mem/probes/MemTraceProbe.py.cc
 [EMBED PY] src/mem/qos/QoSMemCtrl.py -> RISCV/mem/qos/QoSMemCtrl.py.cc
 [EMBED PY] src/mem/qos/QoSMemSinkCtrl.py -> RISCV/mem/qos/QoSMemSinkCtrl.py.cc
 [EMBED PY] src/mem/qos/QoSMemSinkInterface.py -> RISCV/mem/qos/QoSMemSinkInterface.py.cc
 [EMBED PY] src/mem/qos/QoSPolicy.py -> RISCV/mem/qos/QoSPolicy.py.cc
 [EMBED PY] src/mem/qos/QoSTurnaround.py -> RISCV/mem/qos/QoSTurnaround.py.cc
 [EMBED PY] src/mem/ruby/network/BasicLink.py -> RISCV/mem/ruby/network/BasicLink.py.cc
 [     CXX] RISCV/mem/probes/MemTraceProbe.py.cc -> .pyo
 [     CXX] RISCV/mem/probes/MemFootprintProbe.py.cc -> .pyo
 [EMBED PY] src/mem/ruby/network/BasicRouter.py -> RISCV/mem/ruby/network/BasicRouter.py.cc
 [EMBED PY] src/mem/ruby/network/MessageBuffer.py -> RISCV/mem/ruby/network/MessageBuffer.py.cc
 [EMBED PY] src/mem/ruby/network/Network.py -> RISCV/mem/ruby/network/Network.py.cc
 [EMBED PY] src/mem/ruby/network/fault_model/FaultModel.py -> RISCV/mem/ruby/network/fault_model/FaultModel.py.cc
 [EMBED PY] src/mem/ruby/network/garnet/GarnetLink.py -> RISCV/mem/ruby/network/garnet/GarnetLink.py.cc
 [EMBED PY] src/mem/ruby/network/garnet/GarnetNetwork.py -> RISCV/mem/ruby/network/garnet/GarnetNetwork.py.cc
 [EMBED PY] src/mem/ruby/network/simple/SimpleLink.py -> RISCV/mem/ruby/network/simple/SimpleLink.py.cc
 [EMBED PY] src/mem/ruby/network/simple/SimpleNetwork.py -> RISCV/mem/ruby/network/simple/SimpleNetwork.py.cc
 [     CXX] RISCV/mem/ruby/network/BasicLink.py.cc -> .pyo
 [     CXX] RISCV/mem/qos/QoSTurnaround.py.cc -> .pyo
 [     CXX] RISCV/mem/qos/QoSPolicy.py.cc -> .pyo
 [     CXX] RISCV/mem/qos/QoSMemCtrl.py.cc -> .pyo
 [     CXX] RISCV/mem/qos/QoSMemSinkInterface.py.cc -> .pyo
 [     CXX] RISCV/mem/qos/QoSMemSinkCtrl.py.cc -> .pyo
 [   SLICC] src/mem/ruby/protocol/MI_example.slicc -> RISCV/mem/ruby/protocol/AccessPermission.cc, RISCV/mem/ruby/protocol/AccessPermission.hh, RISCV/mem/ruby/protocol/AccessType.cc, RISCV/mem/ruby/protocol/AccessType.hh, RISCV/mem/ruby/protocol/CacheRequestType.cc, RISCV/mem/ruby/protocol/CacheRequestType.hh, RISCV/mem/ruby/protocol/CacheResourceType.cc, RISCV/mem/ruby/protocol/CacheResourceType.hh, RISCV/mem/ruby/protocol/CoherenceRequestType.cc, RISCV/mem/ruby/protocol/CoherenceRequestType.hh, RISCV/mem/ruby/protocol/CoherenceResponseType.cc, RISCV/mem/ruby/protocol/CoherenceResponseType.hh, RISCV/mem/ruby/protocol/DMARequestMsg.cc, RISCV/mem/ruby/protocol/DMARequestMsg.hh, RISCV/mem/ruby/protocol/DMARequestType.cc, RISCV/mem/ruby/protocol/DMARequestType.hh, RISCV/mem/ruby/protocol/DMAResponseMsg.cc, RISCV/mem/ruby/protocol/DMAResponseMsg.hh, RISCV/mem/ruby/protocol/DMAResponseType.cc, RISCV/mem/ruby/protocol/DMAResponseType.hh, RISCV/mem/ruby/protocol/DMASequencerRequestType.cc, RISCV/mem/ruby/protocol/DMASequencerRequestType.hh, RISCV/mem/ruby/protocol/DMA_Controller.cc, RISCV/mem/ruby/protocol/DMA_Controller.hh, RISCV/mem/ruby/protocol/DMA_Controller.py, RISCV/mem/ruby/protocol/DMA_Event.cc, RISCV/mem/ruby/protocol/DMA_Event.hh, RISCV/mem/ruby/protocol/DMA_State.cc, RISCV/mem/ruby/protocol/DMA_State.hh, RISCV/mem/ruby/protocol/DMA_TBE.cc, RISCV/mem/ruby/protocol/DMA_TBE.hh, RISCV/mem/ruby/protocol/DMA_Transitions.cc, RISCV/mem/ruby/protocol/DMA_Wakeup.cc, RISCV/mem/ruby/protocol/DirectoryRequestType.cc, RISCV/mem/ruby/protocol/DirectoryRequestType.hh, RISCV/mem/ruby/protocol/Directory_Controller.cc, RISCV/mem/ruby/protocol/Directory_Controller.hh, RISCV/mem/ruby/protocol/Directory_Controller.py, RISCV/mem/ruby/protocol/Directory_Entry.cc, RISCV/mem/ruby/protocol/Directory_Entry.hh, RISCV/mem/ruby/protocol/Directory_Event.cc, RISCV/mem/ruby/protocol/Directory_Event.hh, RISCV/mem/ruby/protocol/Directory_State.cc, RISCV/mem/ruby/protocol/Directory_State.hh, RISCV/mem/ruby/protocol/Directory_TBE.cc, RISCV/mem/ruby/protocol/Directory_TBE.hh, RISCV/mem/ruby/protocol/Directory_Transitions.cc, RISCV/mem/ruby/protocol/Directory_Wakeup.cc, RISCV/mem/ruby/protocol/HtmCallbackMode.cc, RISCV/mem/ruby/protocol/HtmCallbackMode.hh, RISCV/mem/ruby/protocol/HtmFailedInCacheReason.cc, RISCV/mem/ruby/protocol/HtmFailedInCacheReason.hh, RISCV/mem/ruby/protocol/InvalidateGeneratorStatus.cc, RISCV/mem/ruby/protocol/InvalidateGeneratorStatus.hh, RISCV/mem/ruby/protocol/L1Cache_Controller.cc, RISCV/mem/ruby/protocol/L1Cache_Controller.hh, RISCV/mem/ruby/protocol/L1Cache_Controller.py, RISCV/mem/ruby/protocol/L1Cache_Entry.cc, RISCV/mem/ruby/protocol/L1Cache_Entry.hh, RISCV/mem/ruby/protocol/L1Cache_Event.cc, RISCV/mem/ruby/protocol/L1Cache_Event.hh, RISCV/mem/ruby/protocol/L1Cache_State.cc, RISCV/mem/ruby/protocol/L1Cache_State.hh, RISCV/mem/ruby/protocol/L1Cache_TBE.cc, RISCV/mem/ruby/protocol/L1Cache_TBE.hh, RISCV/mem/ruby/protocol/L1Cache_Transitions.cc, RISCV/mem/ruby/protocol/L1Cache_Wakeup.cc, RISCV/mem/ruby/protocol/LinkDirection.cc, RISCV/mem/ruby/protocol/LinkDirection.hh, RISCV/mem/ruby/protocol/LockStatus.cc, RISCV/mem/ruby/protocol/LockStatus.hh, RISCV/mem/ruby/protocol/MachineType.cc, RISCV/mem/ruby/protocol/MachineType.hh, RISCV/mem/ruby/protocol/MaskPredictorIndex.cc, RISCV/mem/ruby/protocol/MaskPredictorIndex.hh, RISCV/mem/ruby/protocol/MaskPredictorTraining.cc, RISCV/mem/ruby/protocol/MaskPredictorTraining.hh, RISCV/mem/ruby/protocol/MaskPredictorType.cc, RISCV/mem/ruby/protocol/MaskPredictorType.hh, RISCV/mem/ruby/protocol/MemoryControlRequestType.cc, RISCV/mem/ruby/protocol/MemoryControlRequestType.hh, RISCV/mem/ruby/protocol/MemoryMsg.cc, RISCV/mem/ruby/protocol/MemoryMsg.hh, RISCV/mem/ruby/protocol/MemoryRequestType.cc, RISCV/mem/ruby/protocol/MemoryRequestType.hh, RISCV/mem/ruby/protocol/MessageSizeType.cc, RISCV/mem/ruby/protocol/MessageSizeType.hh, RISCV/mem/ruby/protocol/PrefetchBit.cc, RISCV/mem/ruby/protocol/PrefetchBit.hh, RISCV/mem/ruby/protocol/RequestMsg.cc, RISCV/mem/ruby/protocol/RequestMsg.hh, RISCV/mem/ruby/protocol/RequestStatus.cc, RISCV/mem/ruby/protocol/RequestStatus.hh, RISCV/mem/ruby/protocol/ResponseMsg.cc, RISCV/mem/ruby/protocol/ResponseMsg.hh, RISCV/mem/ruby/protocol/RubyAccessMode.cc, RISCV/mem/ruby/protocol/RubyAccessMode.hh, RISCV/mem/ruby/protocol/RubyRequestType.cc, RISCV/mem/ruby/protocol/RubyRequestType.hh, RISCV/mem/ruby/protocol/SequencerMsg.cc, RISCV/mem/ruby/protocol/SequencerMsg.hh, RISCV/mem/ruby/protocol/SequencerRequestType.cc, RISCV/mem/ruby/protocol/SequencerRequestType.hh, RISCV/mem/ruby/protocol/SequencerStatus.cc, RISCV/mem/ruby/protocol/SequencerStatus.hh, RISCV/mem/ruby/protocol/SeriesRequestGeneratorStatus.cc, RISCV/mem/ruby/protocol/SeriesRequestGeneratorStatus.hh, RISCV/mem/ruby/protocol/TesterStatus.cc, RISCV/mem/ruby/protocol/TesterStatus.hh, RISCV/mem/ruby/protocol/TransitionResult.cc, RISCV/mem/ruby/protocol/TransitionResult.hh, RISCV/mem/ruby/protocol/Types.hh
 [EMBED PY] src/mem/ruby/slicc_interface/Controller.py -> RISCV/mem/ruby/slicc_interface/Controller.py.cc
MI_example-cache.sm:179: Warning: Non-void return ignored, return type is 'bool'
MI_example-cache.sm:181: Warning: Non-void return ignored, return type is 'bool'
MI_example-cache.sm:339: Warning: Non-void return ignored, return type is 'Tick'
MI_example-dir.sm:414: Warning: Non-void return ignored, return type is 'Tick'
MI_example-dir.sm:418: Warning: Non-void return ignored, return type is 'Tick'
MI_example-dir.sm:293: Warning: Unused action: a_sendWriteBackAck, Send writeback ack to requestor
MI_example-dma.sm:189: Warning: Non-void return ignored, return type is 'Tick'
MI_example-dma.sm:193: Warning: Non-void return ignored, return type is 'Tick'
 [     CXX] RISCV/mem/ruby/slicc_interface/Controller.py.cc -> .pyo
 [     CXX] RISCV/mem/ruby/network/fault_model/FaultModel.py.cc -> .pyo
 [     CXX] RISCV/mem/ruby/network/simple/SimpleNetwork.py.cc -> .pyo
 [     CXX] RISCV/mem/ruby/network/simple/SimpleLink.py.cc -> .pyo
 [     CXX] RISCV/mem/ruby/network/garnet/GarnetNetwork.py.cc -> .pyo
 [     CXX] RISCV/mem/ruby/network/garnet/GarnetLink.py.cc -> .pyo
 [     CXX] RISCV/mem/ruby/network/Network.py.cc -> .pyo
 [     CXX] RISCV/mem/ruby/network/MessageBuffer.py.cc -> .pyo
 [     CXX] RISCV/mem/ruby/network/BasicRouter.py.cc -> .pyo
 [EMBED PY] src/mem/ruby/structures/RubyCache.py -> RISCV/mem/ruby/structures/RubyCache.py.cc
 [     CXX] RISCV/mem/ruby/structures/RubyCache.py.cc -> .pyo
 [EMBED PY] src/mem/ruby/structures/DirectoryMemory.py -> RISCV/mem/ruby/structures/DirectoryMemory.py.cc
 [     CXX] RISCV/mem/ruby/structures/DirectoryMemory.py.cc -> .pyo
 [EMBED PY] RISCV/mem/ruby/protocol/Directory_Controller.py -> .cc
 [     CXX] RISCV/mem/ruby/protocol/Directory_Controller.py.cc -> .pyo
 [EMBED PY] RISCV/mem/ruby/protocol/L1Cache_Controller.py -> .cc
 [EMBED PY] RISCV/mem/ruby/protocol/DMA_Controller.py -> .cc
 [EMBED PY] src/mem/ruby/structures/RubyPrefetcher.py -> RISCV/mem/ruby/structures/RubyPrefetcher.py.cc
 [EMBED PY] src/mem/ruby/structures/WireBuffer.py -> RISCV/mem/ruby/structures/WireBuffer.py.cc
 [     CXX] RISCV/mem/ruby/protocol/DMA_Controller.py.cc -> .pyo
 [     CXX] RISCV/mem/ruby/protocol/L1Cache_Controller.py.cc -> .pyo
 [EMBED PY] src/mem/ruby/system/RubySystem.py -> RISCV/mem/ruby/system/RubySystem.py.cc
 [EMBED PY] src/mem/ruby/system/Sequencer.py -> RISCV/mem/ruby/system/Sequencer.py.cc
 [     CXX] RISCV/mem/ruby/structures/RubyPrefetcher.py.cc -> .pyo
 [     CXX] RISCV/mem/ruby/structures/WireBuffer.py.cc -> .pyo
 [     CXX] RISCV/mem/ruby/system/Sequencer.py.cc -> .pyo
 [     CXX] RISCV/mem/ruby/system/RubySystem.py.cc -> .pyo
 [EMBED PY] src/python/gem5/__init__.py -> RISCV/python/gem5/__init__.py.cc
 [EMBED PY] src/python/gem5/coherence_protocol.py -> RISCV/python/gem5/coherence_protocol.py.cc
 [EMBED PY] src/python/gem5/isas.py -> RISCV/python/gem5/isas.py.cc
 [EMBED PY] src/python/gem5/runtime.py -> RISCV/python/gem5/runtime.py.cc
 [EMBED PY] src/python/gem5/simulate/__init__.py -> RISCV/python/gem5/simulate/__init__.py.cc
 [     CXX] RISCV/python/gem5/coherence_protocol.py.cc -> .pyo
 [     CXX] RISCV/python/gem5/isas.py.cc -> .pyo
 [     CXX] RISCV/python/gem5/runtime.py.cc -> .pyo
 [     CXX] RISCV/python/gem5/__init__.py.cc -> .pyo
 [EMBED PY] src/python/gem5/simulate/simulator.py -> RISCV/python/gem5/simulate/simulator.py.cc
 [EMBED PY] src/python/gem5/simulate/exit_event.py -> RISCV/python/gem5/simulate/exit_event.py.cc
 [EMBED PY] src/python/gem5/simulate/exit_event_generators.py -> RISCV/python/gem5/simulate/exit_event_generators.py.cc
 [EMBED PY] src/python/gem5/components/__init__.py -> RISCV/python/gem5/components/__init__.py.cc
 [EMBED PY] src/python/gem5/components/boards/__init__.py -> RISCV/python/gem5/components/boards/__init__.py.cc
 [EMBED PY] src/python/gem5/components/boards/abstract_board.py -> RISCV/python/gem5/components/boards/abstract_board.py.cc
 [EMBED PY] src/python/gem5/components/boards/abstract_system_board.py -> RISCV/python/gem5/components/boards/abstract_system_board.py.cc
 [     CXX] RISCV/python/gem5/simulate/__init__.py.cc -> .pyo
 [     CXX] RISCV/python/gem5/components/__init__.py.cc -> .pyo
 [     CXX] RISCV/python/gem5/simulate/exit_event.py.cc -> .pyo
 [     CXX] RISCV/python/gem5/components/boards/__init__.py.cc -> .pyo
 [     CXX] RISCV/python/gem5/components/boards/abstract_board.py.cc -> .pyo
 [     CXX] RISCV/python/gem5/simulate/exit_event_generators.py.cc -> .pyo
 [     CXX] RISCV/python/gem5/components/boards/abstract_system_board.py.cc -> .pyo
 [     CXX] RISCV/python/gem5/simulate/simulator.py.cc -> .pyo
 [EMBED PY] src/python/gem5/components/boards/mem_mode.py -> RISCV/python/gem5/components/boards/mem_mode.py.cc
 [     CXX] RISCV/python/gem5/components/boards/mem_mode.py.cc -> .pyo
 [EMBED PY] src/python/gem5/components/boards/riscv_board.py -> RISCV/python/gem5/components/boards/riscv_board.py.cc
 [     CXX] RISCV/python/gem5/components/boards/riscv_board.py.cc -> .pyo
 [EMBED PY] src/python/gem5/components/boards/experimental/__init__.py -> RISCV/python/gem5/components/boards/experimental/__init__.py.cc
 [EMBED PY] src/python/gem5/components/boards/experimental/lupv_board.py -> RISCV/python/gem5/components/boards/experimental/lupv_board.py.cc
 [EMBED PY] src/python/gem5/components/boards/simple_board.py -> RISCV/python/gem5/components/boards/simple_board.py.cc
 [     CXX] RISCV/python/gem5/components/boards/experimental/__init__.py.cc -> .pyo
 [EMBED PY] src/python/gem5/components/boards/test_board.py -> RISCV/python/gem5/components/boards/test_board.py.cc
 [     CXX] RISCV/python/gem5/components/boards/experimental/lupv_board.py.cc -> .pyo
 [EMBED PY] src/python/gem5/components/boards/x86_board.py -> RISCV/python/gem5/components/boards/x86_board.py.cc
 [EMBED PY] src/python/gem5/components/boards/arm_board.py -> RISCV/python/gem5/components/boards/arm_board.py.cc
 [     CXX] RISCV/python/gem5/components/boards/simple_board.py.cc -> .pyo
 [     CXX] RISCV/python/gem5/components/boards/test_board.py.cc -> .pyo
 [     CXX] RISCV/python/gem5/components/boards/x86_board.py.cc -> .pyo
 [     CXX] RISCV/python/gem5/components/boards/arm_board.py.cc -> .pyo
 [EMBED PY] src/python/gem5/components/boards/kernel_disk_workload.py -> RISCV/python/gem5/components/boards/kernel_disk_workload.py.cc
 [EMBED PY] src/python/gem5/components/boards/se_binary_workload.py -> RISCV/python/gem5/components/boards/se_binary_workload.py.cc
 [EMBED PY] src/python/gem5/components/cachehierarchies/__init__.py -> RISCV/python/gem5/components/cachehierarchies/__init__.py.cc
 [EMBED PY] src/python/gem5/components/cachehierarchies/abstract_cache_hierarchy.py -> RISCV/python/gem5/components/cachehierarchies/abstract_cache_hierarchy.py.cc
 [EMBED PY] src/python/gem5/components/cachehierarchies/abstract_two_level_cache_hierarchy.py -> RISCV/python/gem5/components/cachehierarchies/abstract_two_level_cache_hierarchy.py.cc
 [EMBED PY] src/python/gem5/components/cachehierarchies/abstract_three_level_cache_hierarchy.py -> RISCV/python/gem5/components/cachehierarchies/abstract_three_level_cache_hierarchy.py.cc
 [     CXX] RISCV/python/gem5/components/boards/kernel_disk_workload.py.cc -> .pyo
 [EMBED PY] src/python/gem5/components/cachehierarchies/chi/__init__.py -> RISCV/python/gem5/components/cachehierarchies/chi/__init__.py.cc
 [EMBED PY] src/python/gem5/components/cachehierarchies/chi/private_l1_cache_hierarchy.py -> RISCV/python/gem5/components/cachehierarchies/chi/private_l1_cache_hierarchy.py.cc
 [EMBED PY] src/python/gem5/components/cachehierarchies/chi/nodes/__init__.py -> RISCV/python/gem5/components/cachehierarchies/chi/nodes/__init__.py.cc
 [EMBED PY] src/python/gem5/components/cachehierarchies/chi/nodes/abstract_node.py -> RISCV/python/gem5/components/cachehierarchies/chi/nodes/abstract_node.py.cc
 [EMBED PY] src/python/gem5/components/cachehierarchies/chi/nodes/directory.py -> RISCV/python/gem5/components/cachehierarchies/chi/nodes/directory.py.cc
 [     CXX] RISCV/python/gem5/components/cachehierarchies/abstract_three_level_cache_hierarchy.py.cc -> .pyo
 [     CXX] RISCV/python/gem5/components/cachehierarchies/abstract_two_level_cache_hierarchy.py.cc -> .pyo
 [     CXX] RISCV/python/gem5/components/boards/se_binary_workload.py.cc -> .pyo
 [     CXX] RISCV/python/gem5/components/cachehierarchies/abstract_cache_hierarchy.py.cc -> .pyo
 [     CXX] RISCV/python/gem5/components/cachehierarchies/__init__.py.cc -> .pyo
 [EMBED PY] src/python/gem5/components/cachehierarchies/chi/nodes/dma_requestor.py -> RISCV/python/gem5/components/cachehierarchies/chi/nodes/dma_requestor.py.cc
 [     CXX] RISCV/python/gem5/components/cachehierarchies/chi/nodes/__init__.py.cc -> .pyo
 [     CXX] RISCV/python/gem5/components/cachehierarchies/chi/nodes/abstract_node.py.cc -> .pyo
 [     CXX] RISCV/python/gem5/components/cachehierarchies/chi/private_l1_cache_hierarchy.py.cc -> .pyo
 [     CXX] RISCV/python/gem5/components/cachehierarchies/chi/nodes/directory.py.cc -> .pyo
 [     CXX] RISCV/python/gem5/components/cachehierarchies/chi/__init__.py.cc -> .pyo
 [     CXX] RISCV/python/gem5/components/cachehierarchies/chi/nodes/dma_requestor.py.cc -> .pyo
 [EMBED PY] src/python/gem5/components/cachehierarchies/chi/nodes/private_l1_moesi_cache.py -> RISCV/python/gem5/components/cachehierarchies/chi/nodes/private_l1_moesi_cache.py.cc
 [     CXX] RISCV/python/gem5/components/cachehierarchies/chi/nodes/private_l1_moesi_cache.py.cc -> .pyo
 [EMBED PY] src/python/gem5/components/cachehierarchies/chi/nodes/memory_controller.py -> RISCV/python/gem5/components/cachehierarchies/chi/nodes/memory_controller.py.cc
 [     CXX] RISCV/python/gem5/components/cachehierarchies/chi/nodes/memory_controller.py.cc -> .pyo
 [EMBED PY] src/python/gem5/components/cachehierarchies/classic/__init__.py -> RISCV/python/gem5/components/cachehierarchies/classic/__init__.py.cc
 [EMBED PY] src/python/gem5/components/cachehierarchies/classic/abstract_classic_cache_hierarchy.py -> RISCV/python/gem5/components/cachehierarchies/classic/abstract_classic_cache_hierarchy.py.cc
 [EMBED PY] src/python/gem5/components/cachehierarchies/classic/no_cache.py -> RISCV/python/gem5/components/cachehierarchies/classic/no_cache.py.cc
 [     CXX] RISCV/python/gem5/components/cachehierarchies/classic/__init__.py.cc -> .pyo
 [     CXX] RISCV/python/gem5/components/cachehierarchies/classic/abstract_classic_cache_hierarchy.py.cc -> .pyo
 [EMBED PY] src/python/gem5/components/cachehierarchies/classic/private_l1_cache_hierarchy.py -> RISCV/python/gem5/components/cachehierarchies/classic/private_l1_cache_hierarchy.py.cc
 [     CXX] RISCV/python/gem5/components/cachehierarchies/classic/no_cache.py.cc -> .pyo
 [EMBED PY] src/python/gem5/components/cachehierarchies/classic/private_l1_private_l2_cache_hierarchy.py -> RISCV/python/gem5/components/cachehierarchies/classic/private_l1_private_l2_cache_hierarchy.py.cc
 [     CXX] RISCV/python/gem5/components/cachehierarchies/classic/private_l1_cache_hierarchy.py.cc -> .pyo
 [     CXX] RISCV/python/gem5/components/cachehierarchies/classic/private_l1_private_l2_cache_hierarchy.py.cc -> .pyo
 [EMBED PY] src/python/gem5/components/cachehierarchies/classic/private_l1_private_l2_walk_cache_hierarchy.py -> RISCV/python/gem5/components/cachehierarchies/classic/private_l1_private_l2_walk_cache_hierarchy.py.cc
 [     CXX] RISCV/python/gem5/components/cachehierarchies/classic/private_l1_private_l2_walk_cache_hierarchy.py.cc -> .pyo
 [EMBED PY] src/python/gem5/components/cachehierarchies/classic/private_l1_shared_l2_cache_hierarchy.py -> RISCV/python/gem5/components/cachehierarchies/classic/private_l1_shared_l2_cache_hierarchy.py.cc
 [EMBED PY] src/python/gem5/components/cachehierarchies/classic/caches/__init__.py -> RISCV/python/gem5/components/cachehierarchies/classic/caches/__init__.py.cc
 [EMBED PY] src/python/gem5/components/cachehierarchies/classic/caches/l1dcache.py -> RISCV/python/gem5/components/cachehierarchies/classic/caches/l1dcache.py.cc
 [EMBED PY] src/python/gem5/components/cachehierarchies/classic/caches/l1icache.py -> RISCV/python/gem5/components/cachehierarchies/classic/caches/l1icache.py.cc
 [EMBED PY] src/python/gem5/components/cachehierarchies/classic/caches/l2cache.py -> RISCV/python/gem5/components/cachehierarchies/classic/caches/l2cache.py.cc
 [EMBED PY] src/python/gem5/components/cachehierarchies/classic/caches/mmu_cache.py -> RISCV/python/gem5/components/cachehierarchies/classic/caches/mmu_cache.py.cc
 [EMBED PY] src/python/gem5/components/cachehierarchies/ruby/__init__.py -> RISCV/python/gem5/components/cachehierarchies/ruby/__init__.py.cc
 [     CXX] RISCV/python/gem5/components/cachehierarchies/classic/private_l1_shared_l2_cache_hierarchy.py.cc -> .pyo
 [EMBED PY] src/python/gem5/components/cachehierarchies/ruby/abstract_ruby_cache_hierarchy.py -> RISCV/python/gem5/components/cachehierarchies/ruby/abstract_ruby_cache_hierarchy.py.cc
 [     CXX] RISCV/python/gem5/components/cachehierarchies/classic/caches/l1dcache.py.cc -> .pyo
 [     CXX] RISCV/python/gem5/components/cachehierarchies/classic/caches/mmu_cache.py.cc -> .pyo
 [     CXX] RISCV/python/gem5/components/cachehierarchies/classic/caches/l1icache.py.cc -> .pyo
 [     CXX] RISCV/python/gem5/components/cachehierarchies/classic/caches/__init__.py.cc -> .pyo
 [EMBED PY] src/python/gem5/components/cachehierarchies/ruby/mesi_two_level_cache_hierarchy.py -> RISCV/python/gem5/components/cachehierarchies/ruby/mesi_two_level_cache_hierarchy.py.cc
 [     CXX] RISCV/python/gem5/components/cachehierarchies/ruby/__init__.py.cc -> .pyo
 [     CXX] RISCV/python/gem5/components/cachehierarchies/classic/caches/l2cache.py.cc -> .pyo
 [EMBED PY] src/python/gem5/components/cachehierarchies/ruby/mesi_three_level_cache_hierarchy.py -> RISCV/python/gem5/components/cachehierarchies/ruby/mesi_three_level_cache_hierarchy.py.cc
 [     CXX] RISCV/python/gem5/components/cachehierarchies/ruby/abstract_ruby_cache_hierarchy.py.cc -> .pyo
 [EMBED PY] src/python/gem5/components/cachehierarchies/ruby/mi_example_cache_hierarchy.py -> RISCV/python/gem5/components/cachehierarchies/ruby/mi_example_cache_hierarchy.py.cc
 [     CXX] RISCV/python/gem5/components/cachehierarchies/ruby/mesi_three_level_cache_hierarchy.py.cc -> .pyo
 [     CXX] RISCV/python/gem5/components/cachehierarchies/ruby/mesi_two_level_cache_hierarchy.py.cc -> .pyo
 [     CXX] RISCV/python/gem5/components/cachehierarchies/ruby/mi_example_cache_hierarchy.py.cc -> .pyo
 [EMBED PY] src/python/gem5/components/cachehierarchies/ruby/caches/__init__.py -> RISCV/python/gem5/components/cachehierarchies/ruby/caches/__init__.py.cc
 [EMBED PY] src/python/gem5/components/cachehierarchies/ruby/caches/abstract_directory.py -> RISCV/python/gem5/components/cachehierarchies/ruby/caches/abstract_directory.py.cc
 [     CXX] RISCV/python/gem5/components/cachehierarchies/ruby/caches/__init__.py.cc -> .pyo
 [     CXX] RISCV/python/gem5/components/cachehierarchies/ruby/caches/abstract_directory.py.cc -> .pyo
 [EMBED PY] src/python/gem5/components/cachehierarchies/ruby/caches/abstract_dma_controller.py -> RISCV/python/gem5/components/cachehierarchies/ruby/caches/abstract_dma_controller.py.cc
 [     CXX] RISCV/python/gem5/components/cachehierarchies/ruby/caches/abstract_dma_controller.py.cc -> .pyo
 [EMBED PY] src/python/gem5/components/cachehierarchies/ruby/caches/abstract_l1_cache.py -> RISCV/python/gem5/components/cachehierarchies/ruby/caches/abstract_l1_cache.py.cc
 [EMBED PY] src/python/gem5/components/cachehierarchies/ruby/caches/abstract_l2_cache.py -> RISCV/python/gem5/components/cachehierarchies/ruby/caches/abstract_l2_cache.py.cc
 [EMBED PY] src/python/gem5/components/cachehierarchies/ruby/caches/mesi_two_level/__init__.py -> RISCV/python/gem5/components/cachehierarchies/ruby/caches/mesi_two_level/__init__.py.cc
 [     CXX] RISCV/python/gem5/components/cachehierarchies/ruby/caches/abstract_l1_cache.py.cc -> .pyo
 [     CXX] RISCV/python/gem5/components/cachehierarchies/ruby/caches/abstract_l2_cache.py.cc -> .pyo
 [EMBED PY] src/python/gem5/components/cachehierarchies/ruby/caches/mesi_two_level/directory.py -> RISCV/python/gem5/components/cachehierarchies/ruby/caches/mesi_two_level/directory.py.cc
 [     CXX] RISCV/python/gem5/components/cachehierarchies/ruby/caches/mesi_two_level/__init__.py.cc -> .pyo
 [     CXX] RISCV/python/gem5/components/cachehierarchies/ruby/caches/mesi_two_level/directory.py.cc -> .pyo
 [EMBED PY] src/python/gem5/components/cachehierarchies/ruby/caches/mesi_two_level/dma_controller.py -> RISCV/python/gem5/components/cachehierarchies/ruby/caches/mesi_two_level/dma_controller.py.cc
 [     CXX] RISCV/python/gem5/components/cachehierarchies/ruby/caches/mesi_two_level/dma_controller.py.cc -> .pyo
 [EMBED PY] src/python/gem5/components/cachehierarchies/ruby/caches/mesi_two_level/l1_cache.py -> RISCV/python/gem5/components/cachehierarchies/ruby/caches/mesi_two_level/l1_cache.py.cc
 [EMBED PY] src/python/gem5/components/cachehierarchies/ruby/caches/mesi_two_level/l2_cache.py -> RISCV/python/gem5/components/cachehierarchies/ruby/caches/mesi_two_level/l2_cache.py.cc
 [EMBED PY] src/python/gem5/components/cachehierarchies/ruby/caches/mesi_three_level/__init__.py -> RISCV/python/gem5/components/cachehierarchies/ruby/caches/mesi_three_level/__init__.py.cc
 [EMBED PY] src/python/gem5/components/cachehierarchies/ruby/caches/mesi_three_level/directory.py -> RISCV/python/gem5/components/cachehierarchies/ruby/caches/mesi_three_level/directory.py.cc
 [     CXX] RISCV/python/gem5/components/cachehierarchies/ruby/caches/mesi_two_level/l2_cache.py.cc -> .pyo
 [     CXX] RISCV/python/gem5/components/cachehierarchies/ruby/caches/mesi_two_level/l1_cache.py.cc -> .pyo
 [EMBED PY] src/python/gem5/components/cachehierarchies/ruby/caches/mesi_three_level/dma_controller.py -> RISCV/python/gem5/components/cachehierarchies/ruby/caches/mesi_three_level/dma_controller.py.cc
 [EMBED PY] src/python/gem5/components/cachehierarchies/ruby/caches/mesi_three_level/l1_cache.py -> RISCV/python/gem5/components/cachehierarchies/ruby/caches/mesi_three_level/l1_cache.py.cc
 [EMBED PY] src/python/gem5/components/cachehierarchies/ruby/caches/mesi_three_level/l2_cache.py -> RISCV/python/gem5/components/cachehierarchies/ruby/caches/mesi_three_level/l2_cache.py.cc
 [     CXX] RISCV/python/gem5/components/cachehierarchies/ruby/caches/mesi_three_level/directory.py.cc -> .pyo
 [     CXX] RISCV/python/gem5/components/cachehierarchies/ruby/caches/mesi_three_level/__init__.py.cc -> .pyo
 [EMBED PY] src/python/gem5/components/cachehierarchies/ruby/caches/mesi_three_level/l3_cache.py -> RISCV/python/gem5/components/cachehierarchies/ruby/caches/mesi_three_level/l3_cache.py.cc
 [EMBED PY] src/python/gem5/components/cachehierarchies/ruby/caches/prebuilt/octopi_cache/octopi.py -> RISCV/python/gem5/components/cachehierarchies/ruby/caches/prebuilt/octopi_cache/octopi.py.cc
 [     CXX] RISCV/python/gem5/components/cachehierarchies/ruby/caches/mesi_three_level/dma_controller.py.cc -> .pyo
 [     CXX] RISCV/python/gem5/components/cachehierarchies/ruby/caches/mesi_three_level/l2_cache.py.cc -> .pyo
 [     CXX] RISCV/python/gem5/components/cachehierarchies/ruby/caches/mesi_three_level/l1_cache.py.cc -> .pyo
 [EMBED PY] src/python/gem5/components/cachehierarchies/ruby/caches/prebuilt/octopi_cache/core_complex.py -> RISCV/python/gem5/components/cachehierarchies/ruby/caches/prebuilt/octopi_cache/core_complex.py.cc
 [EMBED PY] src/python/gem5/components/cachehierarchies/ruby/caches/prebuilt/octopi_cache/octopi_network.py -> RISCV/python/gem5/components/cachehierarchies/ruby/caches/prebuilt/octopi_cache/octopi_network.py.cc
 [     CXX] RISCV/python/gem5/components/cachehierarchies/ruby/caches/prebuilt/octopi_cache/octopi.py.cc -> .pyo
 [     CXX] RISCV/python/gem5/components/cachehierarchies/ruby/caches/mesi_three_level/l3_cache.py.cc -> .pyo
 [EMBED PY] src/python/gem5/components/cachehierarchies/ruby/caches/prebuilt/octopi_cache/ruby_network_components.py -> RISCV/python/gem5/components/cachehierarchies/ruby/caches/prebuilt/octopi_cache/ruby_network_components.py.cc
 [     CXX] RISCV/python/gem5/components/cachehierarchies/ruby/caches/prebuilt/octopi_cache/core_complex.py.cc -> .pyo
 [     CXX] RISCV/python/gem5/components/cachehierarchies/ruby/caches/prebuilt/octopi_cache/ruby_network_components.py.cc -> .pyo
 [     CXX] RISCV/python/gem5/components/cachehierarchies/ruby/caches/prebuilt/octopi_cache/octopi_network.py.cc -> .pyo
 [EMBED PY] src/python/gem5/components/cachehierarchies/ruby/caches/mi_example/__init__.py -> RISCV/python/gem5/components/cachehierarchies/ruby/caches/mi_example/__init__.py.cc
 [     CXX] RISCV/python/gem5/components/cachehierarchies/ruby/caches/mi_example/__init__.py.cc -> .pyo
 [EMBED PY] src/python/gem5/components/cachehierarchies/ruby/caches/mi_example/directory.py -> RISCV/python/gem5/components/cachehierarchies/ruby/caches/mi_example/directory.py.cc
 [     CXX] RISCV/python/gem5/components/cachehierarchies/ruby/caches/mi_example/directory.py.cc -> .pyo
 [EMBED PY] src/python/gem5/components/cachehierarchies/ruby/caches/mi_example/dma_controller.py -> RISCV/python/gem5/components/cachehierarchies/ruby/caches/mi_example/dma_controller.py.cc
 [     CXX] RISCV/python/gem5/components/cachehierarchies/ruby/caches/mi_example/dma_controller.py.cc -> .pyo
 [EMBED PY] src/python/gem5/components/cachehierarchies/ruby/caches/mi_example/l1_cache.py -> RISCV/python/gem5/components/cachehierarchies/ruby/caches/mi_example/l1_cache.py.cc
 [EMBED PY] src/python/gem5/components/cachehierarchies/ruby/topologies/__init__.py -> RISCV/python/gem5/components/cachehierarchies/ruby/topologies/__init__.py.cc
 [     CXX] RISCV/python/gem5/components/cachehierarchies/ruby/caches/mi_example/l1_cache.py.cc -> .pyo
 [     CXX] RISCV/python/gem5/components/cachehierarchies/ruby/topologies/__init__.py.cc -> .pyo
 [EMBED PY] src/python/gem5/components/cachehierarchies/ruby/topologies/simple_pt2pt.py -> RISCV/python/gem5/components/cachehierarchies/ruby/topologies/simple_pt2pt.py.cc
 [EMBED PY] src/python/gem5/components/memory/__init__.py -> RISCV/python/gem5/components/memory/__init__.py.cc
 [     CXX] RISCV/python/gem5/components/cachehierarchies/ruby/topologies/simple_pt2pt.py.cc -> .pyo
 [     CXX] RISCV/python/gem5/components/memory/__init__.py.cc -> .pyo
 [EMBED PY] src/python/gem5/components/memory/abstract_memory_system.py -> RISCV/python/gem5/components/memory/abstract_memory_system.py.cc
 [EMBED PY] src/python/gem5/components/memory/dramsim_3.py -> RISCV/python/gem5/components/memory/dramsim_3.py.cc
 [EMBED PY] src/python/gem5/components/memory/simple.py -> RISCV/python/gem5/components/memory/simple.py.cc
 [EMBED PY] src/python/gem5/components/memory/memory.py -> RISCV/python/gem5/components/memory/memory.py.cc
 [     CXX] RISCV/python/gem5/components/memory/abstract_memory_system.py.cc -> .pyo
 [EMBED PY] src/python/gem5/components/memory/single_channel.py -> RISCV/python/gem5/components/memory/single_channel.py.cc
 [     CXX] RISCV/python/gem5/components/memory/dramsim_3.py.cc -> .pyo
 [     CXX] RISCV/python/gem5/components/memory/simple.py.cc -> .pyo
 [EMBED PY] src/python/gem5/components/memory/multi_channel.py -> RISCV/python/gem5/components/memory/multi_channel.py.cc
 [     CXX] RISCV/python/gem5/components/memory/memory.py.cc -> .pyo
 [     CXX] RISCV/python/gem5/components/memory/single_channel.py.cc -> .pyo
 [EMBED PY] src/python/gem5/components/memory/hbm.py -> RISCV/python/gem5/components/memory/hbm.py.cc
 [EMBED PY] src/python/gem5/components/memory/dram_interfaces/__init__.py -> RISCV/python/gem5/components/memory/dram_interfaces/__init__.py.cc
 [     CXX] RISCV/python/gem5/components/memory/multi_channel.py.cc -> .pyo
 [EMBED PY] src/python/gem5/components/memory/dram_interfaces/ddr3.py -> RISCV/python/gem5/components/memory/dram_interfaces/ddr3.py.cc
 [     CXX] RISCV/python/gem5/components/memory/hbm.py.cc -> .pyo
 [     CXX] RISCV/python/gem5/components/memory/dram_interfaces/__init__.py.cc -> .pyo
 [EMBED PY] src/python/gem5/components/memory/dram_interfaces/ddr4.py -> RISCV/python/gem5/components/memory/dram_interfaces/ddr4.py.cc
 [     CXX] RISCV/python/gem5/components/memory/dram_interfaces/ddr3.py.cc -> .pyo
 [EMBED PY] src/python/gem5/components/memory/dram_interfaces/ddr5.py -> RISCV/python/gem5/components/memory/dram_interfaces/ddr5.py.cc
 [     CXX] RISCV/python/gem5/components/memory/dram_interfaces/ddr4.py.cc -> .pyo
 [     CXX] RISCV/python/gem5/components/memory/dram_interfaces/ddr5.py.cc -> .pyo
 [EMBED PY] src/python/gem5/components/memory/dram_interfaces/gddr.py -> RISCV/python/gem5/components/memory/dram_interfaces/gddr.py.cc
 [     CXX] RISCV/python/gem5/components/memory/dram_interfaces/gddr.py.cc -> .pyo
 [EMBED PY] src/python/gem5/components/memory/dram_interfaces/hbm.py -> RISCV/python/gem5/components/memory/dram_interfaces/hbm.py.cc
 [     CXX] RISCV/python/gem5/components/memory/dram_interfaces/hbm.py.cc -> .pyo
 [EMBED PY] src/python/gem5/components/memory/dram_interfaces/hmc.py -> RISCV/python/gem5/components/memory/dram_interfaces/hmc.py.cc
 [     CXX] RISCV/python/gem5/components/memory/dram_interfaces/hmc.py.cc -> .pyo
 [EMBED PY] src/python/gem5/components/memory/dram_interfaces/lpddr2.py -> RISCV/python/gem5/components/memory/dram_interfaces/lpddr2.py.cc
 [     CXX] RISCV/python/gem5/components/memory/dram_interfaces/lpddr2.py.cc -> .pyo
 [EMBED PY] src/python/gem5/components/memory/dram_interfaces/lpddr3.py -> RISCV/python/gem5/components/memory/dram_interfaces/lpddr3.py.cc
 [     CXX] RISCV/python/gem5/components/memory/dram_interfaces/lpddr3.py.cc -> .pyo
 [EMBED PY] src/python/gem5/components/memory/dram_interfaces/lpddr5.py -> RISCV/python/gem5/components/memory/dram_interfaces/lpddr5.py.cc
 [     CXX] RISCV/python/gem5/components/memory/dram_interfaces/lpddr5.py.cc -> .pyo
 [EMBED PY] src/python/gem5/components/memory/dram_interfaces/wideio.py -> RISCV/python/gem5/components/memory/dram_interfaces/wideio.py.cc
 [     CXX] RISCV/python/gem5/components/memory/dram_interfaces/wideio.py.cc -> .pyo
 [EMBED PY] src/python/gem5/components/processors/__init__.py -> RISCV/python/gem5/components/processors/__init__.py.cc
 [     CXX] RISCV/python/gem5/components/processors/__init__.py.cc -> .pyo
 [EMBED PY] src/python/gem5/components/processors/abstract_core.py -> RISCV/python/gem5/components/processors/abstract_core.py.cc
 [EMBED PY] src/python/gem5/components/processors/abstract_generator_core.py -> RISCV/python/gem5/components/processors/abstract_generator_core.py.cc
 [     CXX] RISCV/python/gem5/components/processors/abstract_core.py.cc -> .pyo
 [EMBED PY] src/python/gem5/components/processors/abstract_generator.py -> RISCV/python/gem5/components/processors/abstract_generator.py.cc
 [EMBED PY] src/python/gem5/components/processors/abstract_processor.py -> RISCV/python/gem5/components/processors/abstract_processor.py.cc
 [EMBED PY] src/python/gem5/components/processors/complex_generator_core.py -> RISCV/python/gem5/components/processors/complex_generator_core.py.cc
 [EMBED PY] src/python/gem5/components/processors/complex_generator.py -> RISCV/python/gem5/components/processors/complex_generator.py.cc
 [     CXX] RISCV/python/gem5/components/processors/abstract_generator_core.py.cc -> .pyo
 [     CXX] RISCV/python/gem5/components/processors/abstract_generator.py.cc -> .pyo
 [     CXX] RISCV/python/gem5/components/processors/abstract_processor.py.cc -> .pyo
 [EMBED PY] src/python/gem5/components/processors/cpu_types.py -> RISCV/python/gem5/components/processors/cpu_types.py.cc
 [     CXX] RISCV/python/gem5/components/processors/complex_generator_core.py.cc -> .pyo
 [EMBED PY] src/python/gem5/components/processors/gups_generator_core.py -> RISCV/python/gem5/components/processors/gups_generator_core.py.cc
 [     CXX] RISCV/python/gem5/components/processors/complex_generator.py.cc -> .pyo
 [EMBED PY] src/python/gem5/components/processors/gups_generator.py -> RISCV/python/gem5/components/processors/gups_generator.py.cc
 [EMBED PY] src/python/gem5/components/processors/gups_generator_ep.py -> RISCV/python/gem5/components/processors/gups_generator_ep.py.cc
 [EMBED PY] src/python/gem5/components/processors/gups_generator_par.py -> RISCV/python/gem5/components/processors/gups_generator_par.py.cc
 [     CXX] RISCV/python/gem5/components/processors/cpu_types.py.cc -> .pyo
 [     CXX] RISCV/python/gem5/components/processors/gups_generator_core.py.cc -> .pyo
 [     CXX] RISCV/python/gem5/components/processors/gups_generator_par.py.cc -> .pyo
 [     CXX] RISCV/python/gem5/components/processors/gups_generator_ep.py.cc -> .pyo
 [     CXX] RISCV/python/gem5/components/processors/gups_generator.py.cc -> .pyo
 [EMBED PY] src/python/gem5/components/processors/linear_generator_core.py -> RISCV/python/gem5/components/processors/linear_generator_core.py.cc
 [EMBED PY] src/python/gem5/components/processors/linear_generator.py -> RISCV/python/gem5/components/processors/linear_generator.py.cc
 [     CXX] RISCV/python/gem5/components/processors/linear_generator_core.py.cc -> .pyo
 [EMBED PY] src/python/gem5/components/processors/strided_generator_core.py -> RISCV/python/gem5/components/processors/strided_generator_core.py.cc
 [     CXX] RISCV/python/gem5/components/processors/linear_generator.py.cc -> .pyo
 [     CXX] RISCV/python/gem5/components/processors/strided_generator_core.py.cc -> .pyo
 [EMBED PY] src/python/gem5/components/processors/strided_generator.py -> RISCV/python/gem5/components/processors/strided_generator.py.cc
 [EMBED PY] src/python/gem5/components/processors/random_generator_core.py -> RISCV/python/gem5/components/processors/random_generator_core.py.cc
 [     CXX] RISCV/python/gem5/components/processors/random_generator_core.py.cc -> .pyo
 [     CXX] RISCV/python/gem5/components/processors/strided_generator.py.cc -> .pyo
 [EMBED PY] src/python/gem5/components/processors/random_generator.py -> RISCV/python/gem5/components/processors/random_generator.py.cc
 [     CXX] RISCV/python/gem5/components/processors/random_generator.py.cc -> .pyo
 [EMBED PY] src/python/gem5/components/processors/simple_core.py -> RISCV/python/gem5/components/processors/simple_core.py.cc
 [EMBED PY] src/python/gem5/components/processors/base_cpu_core.py -> RISCV/python/gem5/components/processors/base_cpu_core.py.cc
 [     CXX] RISCV/python/gem5/components/processors/simple_core.py.cc -> .pyo
 [     CXX] RISCV/python/gem5/components/processors/base_cpu_core.py.cc -> .pyo
 [EMBED PY] src/python/gem5/components/processors/simple_processor.py -> RISCV/python/gem5/components/processors/simple_processor.py.cc
 [EMBED PY] src/python/gem5/components/processors/base_cpu_processor.py -> RISCV/python/gem5/components/processors/base_cpu_processor.py.cc
 [     CXX] RISCV/python/gem5/components/processors/simple_processor.py.cc -> .pyo
 [     CXX] RISCV/python/gem5/components/processors/base_cpu_processor.py.cc -> .pyo
 [EMBED PY] src/python/gem5/components/processors/simple_switchable_processor.py -> RISCV/python/gem5/components/processors/simple_switchable_processor.py.cc
 [EMBED PY] src/python/gem5/components/processors/switchable_processor.py -> RISCV/python/gem5/components/processors/switchable_processor.py.cc
 [EMBED PY] src/python/gem5/utils/simpoint.py -> RISCV/python/gem5/utils/simpoint.py.cc
 [EMBED PY] src/python/gem5/components/processors/traffic_generator_core.py -> RISCV/python/gem5/components/processors/traffic_generator_core.py.cc
 [EMBED PY] src/python/gem5/components/processors/traffic_generator.py -> RISCV/python/gem5/components/processors/traffic_generator.py.cc
 [EMBED PY] src/python/gem5/prebuilt/__init__.py -> RISCV/python/gem5/prebuilt/__init__.py.cc
 [EMBED PY] src/python/gem5/prebuilt/demo/__init__.py -> RISCV/python/gem5/prebuilt/demo/__init__.py.cc
 [     CXX] RISCV/python/gem5/components/processors/traffic_generator_core.py.cc -> .pyo
 [     CXX] RISCV/python/gem5/components/processors/switchable_processor.py.cc -> .pyo
 [     CXX] RISCV/python/gem5/utils/simpoint.py.cc -> .pyo
 [     CXX] RISCV/python/gem5/components/processors/traffic_generator.py.cc -> .pyo
 [     CXX] RISCV/python/gem5/components/processors/simple_switchable_processor.py.cc -> .pyo
 [EMBED PY] src/python/gem5/prebuilt/demo/x86_demo_board.py -> RISCV/python/gem5/prebuilt/demo/x86_demo_board.py.cc
 [     CXX] RISCV/python/gem5/prebuilt/__init__.py.cc -> .pyo
 [     CXX] RISCV/python/gem5/prebuilt/demo/__init__.py.cc -> .pyo
 [EMBED PY] src/python/gem5/prebuilt/riscvmatched/__init__.py -> RISCV/python/gem5/prebuilt/riscvmatched/__init__.py.cc
 [EMBED PY] src/python/gem5/prebuilt/riscvmatched/riscvmatched_board.py -> RISCV/python/gem5/prebuilt/riscvmatched/riscvmatched_board.py.cc
 [     CXX] RISCV/python/gem5/prebuilt/demo/x86_demo_board.py.cc -> .pyo
 [     CXX] RISCV/python/gem5/prebuilt/riscvmatched/__init__.py.cc -> .pyo
 [     CXX] RISCV/python/gem5/prebuilt/riscvmatched/riscvmatched_board.py.cc -> .pyo
 [EMBED PY] src/python/gem5/prebuilt/riscvmatched/riscvmatched_cache.py -> RISCV/python/gem5/prebuilt/riscvmatched/riscvmatched_cache.py.cc
 [EMBED PY] src/python/gem5/prebuilt/riscvmatched/riscvmatched_processor.py -> RISCV/python/gem5/prebuilt/riscvmatched/riscvmatched_processor.py.cc
 [     CXX] RISCV/python/gem5/prebuilt/riscvmatched/riscvmatched_cache.py.cc -> .pyo
 [EMBED PY] src/python/gem5/prebuilt/riscvmatched/riscvmatched_core.py -> RISCV/python/gem5/prebuilt/riscvmatched/riscvmatched_core.py.cc
 [     CXX] RISCV/python/gem5/prebuilt/riscvmatched/riscvmatched_processor.py.cc -> .pyo
 [     CXX] RISCV/python/gem5/prebuilt/riscvmatched/riscvmatched_core.py.cc -> .pyo
 [EMBED PY] src/python/gem5/resources/__init__.py -> RISCV/python/gem5/resources/__init__.py.cc
 [EMBED PY] src/python/gem5/resources/client.py -> RISCV/python/gem5/resources/client.py.cc
 [EMBED PY] src/python/gem5/resources/downloader.py -> RISCV/python/gem5/resources/downloader.py.cc
 [     CXX] RISCV/python/gem5/resources/__init__.py.cc -> .pyo
 [     CXX] RISCV/python/gem5/resources/client.py.cc -> .pyo
 [     CXX] RISCV/python/gem5/resources/downloader.py.cc -> .pyo
 [EMBED PY] src/python/gem5/resources/md5_utils.py -> RISCV/python/gem5/resources/md5_utils.py.cc
 [     CXX] RISCV/python/gem5/resources/md5_utils.py.cc -> .pyo
 [EMBED PY] src/python/gem5/resources/resource.py -> RISCV/python/gem5/resources/resource.py.cc
 [     CXX] RISCV/python/gem5/resources/resource.py.cc -> .pyo
 [EMBED PY] src/python/gem5/resources/workload.py -> RISCV/python/gem5/resources/workload.py.cc
 [EMBED PY] src/python/gem5/resources/looppoint.py -> RISCV/python/gem5/resources/looppoint.py.cc
 [     CXX] RISCV/python/gem5/resources/workload.py.cc -> .pyo
 [     CXX] RISCV/python/gem5/resources/looppoint.py.cc -> .pyo
 [EMBED PY] src/python/gem5/resources/elfie.py -> RISCV/python/gem5/resources/elfie.py.cc
 [EMBED PY] src/python/gem5/resources/client_api/__init__.py -> RISCV/python/gem5/resources/client_api/__init__.py.cc
 [EMBED PY] src/python/gem5/resources/client_api/jsonclient.py -> RISCV/python/gem5/resources/client_api/jsonclient.py.cc
 [EMBED PY] src/python/gem5/resources/client_api/atlasclient.py -> RISCV/python/gem5/resources/client_api/atlasclient.py.cc
 [EMBED PY] src/python/gem5/resources/client_api/abstract_client.py -> RISCV/python/gem5/resources/client_api/abstract_client.py.cc
 [EMBED PY] src/python/gem5/resources/client_api/client_query.py -> RISCV/python/gem5/resources/client_api/client_query.py.cc
 [     CXX] RISCV/python/gem5/resources/elfie.py.cc -> .pyo
 [EMBED PY] src/python/gem5_default_config.py -> RISCV/python/gem5_default_config.py.cc
 [EMBED PY] src/python/gem5/utils/__init__.py -> RISCV/python/gem5/utils/__init__.py.cc
 [EMBED PY] src/python/gem5/utils/filelock.py -> RISCV/python/gem5/utils/filelock.py.cc
 [EMBED PY] src/python/gem5/utils/override.py -> RISCV/python/gem5/utils/override.py.cc
 [     CXX] RISCV/python/gem5/resources/client_api/__init__.py.cc -> .pyo
 [     CXX] RISCV/python/gem5/resources/client_api/abstract_client.py.cc -> .pyo
 [     CXX] RISCV/python/gem5/resources/client_api/jsonclient.py.cc -> .pyo
 [     CXX] RISCV/python/gem5/resources/client_api/client_query.py.cc -> .pyo
 [     CXX] RISCV/python/gem5/resources/client_api/atlasclient.py.cc -> .pyo
 [     CXX] RISCV/python/gem5/utils/__init__.py.cc -> .pyo
 [     CXX] RISCV/python/gem5/utils/override.py.cc -> .pyo
 [     CXX] RISCV/python/gem5_default_config.py.cc -> .pyo
 [     CXX] RISCV/python/gem5/utils/filelock.py.cc -> .pyo
 [EMBED PY] src/python/gem5/utils/progress_bar.py -> RISCV/python/gem5/utils/progress_bar.py.cc
 [EMBED PY] src/python/gem5/utils/requires.py -> RISCV/python/gem5/utils/requires.py.cc
 [     CXX] RISCV/python/gem5/utils/progress_bar.py.cc -> .pyo
 [     CXX] RISCV/python/gem5/utils/requires.py.cc -> .pyo
 [EMBED PY] src/python/gem5/utils/socks_ssl_context.py -> RISCV/python/gem5/utils/socks_ssl_context.py.cc
 [     CXX] RISCV/python/gem5/utils/socks_ssl_context.py.cc -> .pyo
 [EMBED PY] src/python/gem5/utils/multiprocessing/__init__.py -> RISCV/python/gem5/utils/multiprocessing/__init__.py.cc
 [     CXX] RISCV/python/gem5/utils/multiprocessing/__init__.py.cc -> .pyo
 [EMBED PY] src/python/gem5/utils/multiprocessing/_command_line.py -> RISCV/python/gem5/utils/multiprocessing/_command_line.py.cc
 [EMBED PY] src/python/gem5/utils/multiprocessing/context.py -> RISCV/python/gem5/utils/multiprocessing/context.py.cc
 [     CXX] RISCV/python/gem5/utils/multiprocessing/context.py.cc -> .pyo
 [     CXX] RISCV/python/gem5/utils/multiprocessing/_command_line.py.cc -> .pyo
 [EMBED PY] src/python/gem5/utils/multiprocessing/popen_spawn_gem5.py -> RISCV/python/gem5/utils/multiprocessing/popen_spawn_gem5.py.cc
 [     CXX] RISCV/python/gem5/utils/multiprocessing/popen_spawn_gem5.py.cc -> .pyo
 [EMBED PY] src/python/importer.py -> RISCV/python/importer.py.cc
 [EMBED PY] src/python/m5/__init__.py -> RISCV/python/m5/__init__.py.cc
 [     CXX] RISCV/python/importer.py.cc -> .pyo
 [EMBED PY] src/python/m5/SimObject.py -> RISCV/python/m5/SimObject.py.cc
 [     CXX] RISCV/python/m5/__init__.py.cc -> .pyo
 [     CXX] RISCV/python/m5/SimObject.py.cc -> .pyo
 [EMBED PY] src/python/m5/citations.py -> RISCV/python/m5/citations.py.cc
 [EMBED PY] src/python/m5/core.py -> RISCV/python/m5/core.py.cc
 [EMBED PY] src/python/m5/debug.py -> RISCV/python/m5/debug.py.cc
 [EMBED PY] src/python/m5/event.py -> RISCV/python/m5/event.py.cc
 [EMBED PY] src/python/m5/main.py -> RISCV/python/m5/main.py.cc
 [EMBED PY] src/python/m5/options.py -> RISCV/python/m5/options.py.cc
 [     CXX] RISCV/python/m5/core.py.cc -> .pyo
 [EMBED PY] src/python/m5/params.py -> RISCV/python/m5/params.py.cc
 [EMBED PY] src/python/m5/proxy.py -> RISCV/python/m5/proxy.py.cc
 [     CXX] RISCV/python/m5/citations.py.cc -> .pyo
 [     CXX] RISCV/python/m5/event.py.cc -> .pyo
 [     CXX] RISCV/python/m5/options.py.cc -> .pyo
 [     CXX] RISCV/python/m5/debug.py.cc -> .pyo
 [     CXX] RISCV/python/m5/main.py.cc -> .pyo
 [     CXX] RISCV/python/m5/proxy.py.cc -> .pyo
 [EMBED PY] src/python/m5/simulate.py -> RISCV/python/m5/simulate.py.cc
 [     CXX] RISCV/python/m5/params.py.cc -> .pyo
 [EMBED PY] src/python/m5/ticks.py -> RISCV/python/m5/ticks.py.cc
 [     CXX] RISCV/python/m5/simulate.py.cc -> .pyo
 [EMBED PY] src/python/m5/trace.py -> RISCV/python/m5/trace.py.cc
 [     CXX] RISCV/python/m5/ticks.py.cc -> .pyo
 [     CXX] RISCV/python/m5/trace.py.cc -> .pyo
 [EMBED PY] src/python/m5/objects/__init__.py -> RISCV/python/m5/objects/__init__.py.cc
 [EMBED PY] src/python/m5/stats/__init__.py -> RISCV/python/m5/stats/__init__.py.cc
 [     CXX] RISCV/python/m5/stats/__init__.py.cc -> .pyo
 [     CXX] RISCV/python/m5/objects/__init__.py.cc -> .pyo
 [EMBED PY] src/python/m5/util/__init__.py -> RISCV/python/m5/util/__init__.py.cc
 [EMBED PY] src/python/m5/util/attrdict.py -> RISCV/python/m5/util/attrdict.py.cc
 [EMBED PY] src/python/m5/util/convert.py -> RISCV/python/m5/util/convert.py.cc
 [     CXX] RISCV/python/m5/util/__init__.py.cc -> .pyo
 [     CXX] RISCV/python/m5/util/attrdict.py.cc -> .pyo
 [     CXX] RISCV/python/m5/util/convert.py.cc -> .pyo
 [EMBED PY] src/python/m5/util/dot_writer.py -> RISCV/python/m5/util/dot_writer.py.cc
 [     CXX] RISCV/python/m5/util/dot_writer.py.cc -> .pyo
 [EMBED PY] src/python/m5/util/dot_writer_ruby.py -> RISCV/python/m5/util/dot_writer_ruby.py.cc
 [     CXX] RISCV/python/m5/util/dot_writer_ruby.py.cc -> .pyo
 [EMBED PY] src/python/m5/util/fdthelper.py -> RISCV/python/m5/util/fdthelper.py.cc
 [EMBED PY] src/python/m5/util/multidict.py -> RISCV/python/m5/util/multidict.py.cc
 [EMBED PY] src/python/m5/util/pybind.py -> RISCV/python/m5/util/pybind.py.cc
 [     CXX] RISCV/python/m5/util/fdthelper.py.cc -> .pyo
 [     CXX] RISCV/python/m5/util/pybind.py.cc -> .pyo
 [     CXX] RISCV/python/m5/util/multidict.py.cc -> .pyo
 [EMBED PY] src/python/m5/util/terminal.py -> RISCV/python/m5/util/terminal.py.cc
 [EMBED PY] src/python/m5/util/terminal_formatter.py -> RISCV/python/m5/util/terminal_formatter.py.cc
 [EMBED PY] src/python/m5/internal/__init__.py -> RISCV/python/m5/internal/__init__.py.cc
 [EMBED PY] src/python/m5/internal/params.py -> RISCV/python/m5/internal/params.py.cc
 [EMBED PY] src/python/m5/ext/__init__.py -> RISCV/python/m5/ext/__init__.py.cc
 [     CXX] RISCV/python/m5/util/terminal.py.cc -> .pyo
 [     CXX] RISCV/python/m5/util/terminal_formatter.py.cc -> .pyo
 [EMBED PY] src/python/m5/ext/pyfdt/pyfdt.py -> RISCV/python/m5/ext/pyfdt/pyfdt.py.cc
 [EMBED PY] src/python/m5/ext/pyfdt/__init__.py -> RISCV/python/m5/ext/pyfdt/__init__.py.cc
 [     CXX] RISCV/python/m5/internal/params.py.cc -> .pyo
 [     CXX] RISCV/python/m5/internal/__init__.py.cc -> .pyo
 [     CXX] RISCV/python/m5/ext/__init__.py.cc -> .pyo
 [EMBED PY] src/python/m5/ext/pystats/__init__.py -> RISCV/python/m5/ext/pystats/__init__.py.cc
 [     CXX] RISCV/python/m5/ext/pyfdt/__init__.py.cc -> .pyo
 [EMBED PY] src/python/m5/ext/pystats/serializable_stat.py -> RISCV/python/m5/ext/pystats/serializable_stat.py.cc
 [     CXX] RISCV/python/m5/ext/pyfdt/pyfdt.py.cc -> .pyo
 [     CXX] RISCV/python/m5/ext/pystats/__init__.py.cc -> .pyo
 [EMBED PY] src/python/m5/ext/pystats/abstract_stat.py -> RISCV/python/m5/ext/pystats/abstract_stat.py.cc
 [     CXX] RISCV/python/m5/ext/pystats/serializable_stat.py.cc -> .pyo
 [EMBED PY] src/python/m5/ext/pystats/group.py -> RISCV/python/m5/ext/pystats/group.py.cc
 [     CXX] RISCV/python/m5/ext/pystats/abstract_stat.py.cc -> .pyo
 [EMBED PY] src/python/m5/ext/pystats/simstat.py -> RISCV/python/m5/ext/pystats/simstat.py.cc
 [     CXX] RISCV/python/m5/ext/pystats/group.py.cc -> .pyo
 [     CXX] RISCV/python/m5/ext/pystats/simstat.py.cc -> .pyo
 [EMBED PY] src/python/m5/ext/pystats/statistic.py -> RISCV/python/m5/ext/pystats/statistic.py.cc
 [EMBED PY] src/python/m5/ext/pystats/storagetype.py -> RISCV/python/m5/ext/pystats/storagetype.py.cc
 [     CXX] RISCV/python/m5/ext/pystats/statistic.py.cc -> .pyo
 [     CXX] RISCV/python/m5/ext/pystats/storagetype.py.cc -> .pyo
 [EMBED PY] src/python/m5/ext/pystats/timeconversion.py -> RISCV/python/m5/ext/pystats/timeconversion.py.cc
 [     CXX] RISCV/python/m5/ext/pystats/timeconversion.py.cc -> .pyo
 [EMBED PY] src/python/m5/ext/pystats/jsonloader.py -> RISCV/python/m5/ext/pystats/jsonloader.py.cc
 [     CXX] RISCV/python/m5/ext/pystats/jsonloader.py.cc -> .pyo
 [EMBED PY] src/python/m5/stats/gem5stats.py -> RISCV/python/m5/stats/gem5stats.py.cc
 [EMBED BLOB] src/python/importer.py, m5ImporterCode -> RISCV/python/m5ImporterCode.cc, RISCV/python/m5ImporterCode.hh
 [     CXX] RISCV/python/m5/stats/gem5stats.py.cc -> .pyo
 [     CXX] src/python/importer.cc -> RISCV/python/importer.pyo
 [     CXX] RISCV/python/m5ImporterCode.cc -> .pyo
 [EMBED PY] src/python/m5/objects/SimObject.py -> RISCV/python/m5/objects/SimObject.py.cc
 [EMBED PY] src/sim/ClockedObject.py -> RISCV/sim/ClockedObject.py.cc
 [EMBED PY] src/sim/TickedObject.py -> RISCV/sim/TickedObject.py.cc
 [EMBED PY] src/sim/Workload.py -> RISCV/sim/Workload.py.cc
 [     CXX] RISCV/sim/Workload.py.cc -> .pyo
 [     CXX] RISCV/python/m5/objects/SimObject.py.cc -> .pyo
 [     CXX] RISCV/sim/ClockedObject.py.cc -> .pyo
 [     CXX] RISCV/sim/TickedObject.py.cc -> .pyo
 [EMBED PY] src/sim/Root.py -> RISCV/sim/Root.py.cc
 [EMBED PY] src/sim/ClockDomain.py -> RISCV/sim/ClockDomain.py.cc
 [EMBED PY] src/sim/VoltageDomain.py -> RISCV/sim/VoltageDomain.py.cc
 [EMBED PY] src/sim/System.py -> RISCV/sim/System.py.cc
 [     CXX] RISCV/sim/Root.py.cc -> .pyo
 [EMBED PY] src/sim/DVFSHandler.py -> RISCV/sim/DVFSHandler.py.cc
 [     CXX] RISCV/sim/ClockDomain.py.cc -> .pyo
 [     CXX] RISCV/sim/VoltageDomain.py.cc -> .pyo
 [EMBED PY] src/sim/SubSystem.py -> RISCV/sim/SubSystem.py.cc
 [     CXX] RISCV/sim/DVFSHandler.py.cc -> .pyo
 [     CXX] RISCV/sim/System.py.cc -> .pyo
 [EMBED PY] src/sim/RedirectPath.py -> RISCV/sim/RedirectPath.py.cc
 [     CXX] RISCV/sim/SubSystem.py.cc -> .pyo
 [EMBED PY] src/sim/PowerState.py -> RISCV/sim/PowerState.py.cc
 [     CXX] RISCV/sim/RedirectPath.py.cc -> .pyo
 [EMBED PY] src/sim/PowerDomain.py -> RISCV/sim/PowerDomain.py.cc
 [     CXX] RISCV/sim/PowerDomain.py.cc -> .pyo
 [     CXX] RISCV/sim/PowerState.py.cc -> .pyo
 [EMBED PY] src/sim/SignalPort.py -> RISCV/sim/SignalPort.py.cc
 [     CXX] RISCV/sim/SignalPort.py.cc -> .pyo
 [EMBED PY] src/sim/InstTracer.py -> RISCV/sim/InstTracer.py.cc
 [     CXX] RISCV/sim/InstTracer.py.cc -> .pyo
 [EMBED PY] src/sim/Process.py -> RISCV/sim/Process.py.cc
 [     CXX] RISCV/sim/Process.py.cc -> .pyo
 [EMBED PY] src/sim/power/MathExprPowerModel.py -> RISCV/sim/power/MathExprPowerModel.py.cc
 [     CXX] RISCV/sim/power/MathExprPowerModel.py.cc -> .pyo
 [EMBED PY] src/sim/power/PowerModel.py -> RISCV/sim/power/PowerModel.py.cc
 [     CXX] RISCV/sim/power/PowerModel.py.cc -> .pyo
 [EMBED PY] src/sim/power/PowerModelState.py -> RISCV/sim/power/PowerModelState.py.cc
 [     CXX] RISCV/sim/power/PowerModelState.py.cc -> .pyo
 [EMBED PY] src/sim/power/ThermalDomain.py -> RISCV/sim/power/ThermalDomain.py.cc
 [EMBED PY] src/sim/power/ThermalModel.py -> RISCV/sim/power/ThermalModel.py.cc
 [EMBED PY] src/sim/probe/Probe.py -> RISCV/sim/probe/Probe.py.cc
 [EMBED PY] src/sst/OutgoingRequestBridge.py -> RISCV/sst/OutgoingRequestBridge.py.cc
 [     CXX] RISCV/sim/power/ThermalDomain.py.cc -> .pyo
 [     CXX] RISCV/sim/power/ThermalModel.py.cc -> .pyo
 [     CXX] RISCV/sim/probe/Probe.py.cc -> .pyo
 [EMBED PY] src/systemc/Tlm.py -> RISCV/systemc/Tlm.py.cc
 [     CXX] RISCV/sst/OutgoingRequestBridge.py.cc -> .pyo
 [EMBED PY] src/systemc/core/SystemC.py -> RISCV/systemc/core/SystemC.py.cc
 [EMBED PY] src/systemc/python/systemc.py -> RISCV/systemc/python/systemc.py.cc
 [     CXX] RISCV/systemc/Tlm.py.cc -> .pyo
 [     CXX] RISCV/systemc/core/SystemC.py.cc -> .pyo
 [     CXX] RISCV/systemc/python/systemc.py.cc -> .pyo
 [EMBED PY] src/systemc/python/tlm.py -> RISCV/systemc/python/tlm.py.cc
 [EMBED PY] src/systemc/tlm_bridge/TlmBridge.py -> RISCV/systemc/tlm_bridge/TlmBridge.py.cc
 [ DEFINES]  -> RISCV/python/m5/defines.py
 [    INFO] COPYING, LICENSE, README.md -> RISCV/python/m5/info.py
 [EMBED PY] RISCV/python/m5/defines.py -> .cc
 [ TRACING]  -> RISCV/debug/Event.hh
 [     CXX] RISCV/systemc/python/tlm.py.cc -> .pyo
 [EMBED PY] RISCV/python/m5/info.py -> .cc
 [     CXX] RISCV/systemc/tlm_bridge/TlmBridge.py.cc -> .pyo
 [     CXX] RISCV/python/m5/defines.py.cc -> .pyo
 [ TRACING]  -> RISCV/debug/Semihosting.hh
 [     CXX] RISCV/python/m5/info.py.cc -> .pyo
 [ TRACING]  -> RISCV/debug/PseudoInst.hh
 [     CXX] RISCV/arch/generic/BaseSemihosting.py.cc -> .o
 [ TRACING]  -> RISCV/debug/Semihosting.cc
 [     CXX] RISCV/arch/generic/BaseInterrupts.py.cc -> .o
 [     CXX] RISCV/arch/generic/BaseISA.py.cc -> .o
 [     CXX] RISCV/arch/generic/BaseMMU.py.cc -> .o
 [     CXX] RISCV/arch/generic/BaseTLB.py.cc -> .o
 [     CXX] RISCV/arch/generic/InstDecoder.py.cc -> .o
 [ TRACING]  -> RISCV/debug/PageTableWalker.cc
 [ TRACING]  -> RISCV/debug/PageTableWalker.hh
 [ TRACING]  -> RISCV/debug/TLB.cc
 [ TRACING]  -> RISCV/debug/Decode.hh
 [ TRACING]  -> RISCV/debug/TLB.hh
 [ TRACING]  -> RISCV/debug/Mwait.hh
 [ TRACING]  -> RISCV/debug/Interrupt.hh
 [ TRACING]  -> RISCV/debug/Checkpoint.hh
 [ TRACING]  -> RISCV/debug/LLSC.hh
 [ TRACING]  -> RISCV/debug/RiscvMisc.hh
 [ TRACING]  -> RISCV/debug/Stack.hh
 [ TRACING]  -> RISCV/debug/Vma.hh
 [ TRACING]  -> RISCV/debug/PMP.hh
 [EMBED BLOB] src/arch/riscv/gdb-xml/riscv-32bit-cpu.xml, gdb_xml_riscv_32bit_cpu -> RISCV/arch/riscv/gdb-xml/gdb_xml_riscv_32bit_cpu.cc, RISCV/arch/riscv/gdb-xml/gdb_xml_riscv_32bit_cpu.hh
 [EMBED BLOB] src/arch/riscv/gdb-xml/riscv-32bit-csr.xml, gdb_xml_riscv_32bit_csr -> RISCV/arch/riscv/gdb-xml/gdb_xml_riscv_32bit_csr.cc, RISCV/arch/riscv/gdb-xml/gdb_xml_riscv_32bit_csr.hh
 [EMBED BLOB] src/arch/riscv/gdb-xml/riscv-32bit-fpu.xml, gdb_xml_riscv_32bit_fpu -> RISCV/arch/riscv/gdb-xml/gdb_xml_riscv_32bit_fpu.cc, RISCV/arch/riscv/gdb-xml/gdb_xml_riscv_32bit_fpu.hh
 [EMBED BLOB] src/arch/riscv/gdb-xml/riscv-32bit.xml, gdb_xml_riscv_32bit_target -> RISCV/arch/riscv/gdb-xml/gdb_xml_riscv_32bit_target.cc, RISCV/arch/riscv/gdb-xml/gdb_xml_riscv_32bit_target.hh
 [EMBED BLOB] src/arch/riscv/gdb-xml/riscv-64bit-cpu.xml, gdb_xml_riscv_64bit_cpu -> RISCV/arch/riscv/gdb-xml/gdb_xml_riscv_64bit_cpu.cc, RISCV/arch/riscv/gdb-xml/gdb_xml_riscv_64bit_cpu.hh
 [EMBED BLOB] src/arch/riscv/gdb-xml/riscv-64bit-csr.xml, gdb_xml_riscv_64bit_csr -> RISCV/arch/riscv/gdb-xml/gdb_xml_riscv_64bit_csr.cc, RISCV/arch/riscv/gdb-xml/gdb_xml_riscv_64bit_csr.hh
 [EMBED BLOB] src/arch/riscv/gdb-xml/riscv-64bit-fpu.xml, gdb_xml_riscv_64bit_fpu -> RISCV/arch/riscv/gdb-xml/gdb_xml_riscv_64bit_fpu.cc, RISCV/arch/riscv/gdb-xml/gdb_xml_riscv_64bit_fpu.hh
 [EMBED BLOB] src/arch/riscv/gdb-xml/riscv-64bit.xml, gdb_xml_riscv_64bit_target -> RISCV/arch/riscv/gdb-xml/gdb_xml_riscv_64bit_target.cc, RISCV/arch/riscv/gdb-xml/gdb_xml_riscv_64bit_target.hh
 [ TRACING]  -> RISCV/debug/GDBAcc.hh
 [ TRACING]  -> RISCV/debug/SyscallBase.hh
 [ TRACING]  -> RISCV/debug/SyscallVerbose.hh
 [ TRACING]  -> RISCV/debug/DebugPrintf.hh
 [     CXX] RISCV/arch/riscv/PMAChecker.py.cc -> .o
 [     CXX] RISCV/arch/riscv/PMP.py.cc -> .o
 [     CXX] RISCV/arch/riscv/RiscvDecoder.py.cc -> .o
 [     CXX] RISCV/arch/riscv/RiscvFsWorkload.py.cc -> .o
 [     CXX] RISCV/arch/riscv/RiscvInterrupts.py.cc -> .o
 [     CXX] RISCV/arch/riscv/RiscvISA.py.cc -> .o
 [     CXX] RISCV/arch/riscv/RiscvMMU.py.cc -> .o
 [     CXX] RISCV/arch/riscv/RiscvSemihosting.py.cc -> .o
 [     CXX] RISCV/arch/riscv/RiscvSeWorkload.py.cc -> .o
 [     CXX] RISCV/arch/riscv/RiscvTLB.py.cc -> .o
 [     CXX] RISCV/arch/riscv/RiscvCPU.py.cc -> .o
 [ TRACING]  -> RISCV/debug/RiscvMisc.cc
 [ TRACING]  -> RISCV/debug/PMP.cc
 [ISA DESC] src/arch/riscv/isa/main.isa -> RISCV/arch/riscv/generated/decoder-g.cc.inc, RISCV/arch/riscv/generated/decoder-ns.cc.inc, RISCV/arch/riscv/generated/decode-method.cc.inc, RISCV/arch/riscv/generated/decoder.hh, RISCV/arch/riscv/generated/decoder-g.hh.inc, RISCV/arch/riscv/generated/decoder-ns.hh.inc, RISCV/arch/riscv/generated/exec-g.cc.inc, RISCV/arch/riscv/generated/exec-ns.cc.inc, RISCV/arch/riscv/generated/decoder.cc, RISCV/arch/riscv/generated/inst-constrs.cc, RISCV/arch/riscv/generated/generic_cpu_exec.cc
 [     CXX] RISCV/arch/riscv/gdb-xml/gdb_xml_riscv_32bit_target.cc -> .o
 [     CXX] RISCV/arch/riscv/gdb-xml/gdb_xml_riscv_32bit_cpu.cc -> .o
Generating LALR tables
 [     CXX] RISCV/arch/riscv/gdb-xml/gdb_xml_riscv_32bit_fpu.cc -> .o
 [     CXX] RISCV/arch/riscv/gdb-xml/gdb_xml_riscv_32bit_csr.cc -> .o
 [     CXX] RISCV/arch/riscv/gdb-xml/gdb_xml_riscv_64bit_target.cc -> .o
 [     CXX] RISCV/arch/riscv/gdb-xml/gdb_xml_riscv_64bit_cpu.cc -> .o
 [    LINK]  -> RISCV/gem5py_m5
 [     CXX] RISCV/arch/riscv/gdb-xml/gdb_xml_riscv_64bit_fpu.cc -> .o
 [     CXX] RISCV/arch/riscv/gdb-xml/gdb_xml_riscv_64bit_csr.cc -> .o
 [     CXX] RISCV/base/Graphics.py.cc -> .o
 [ TRACING]  -> RISCV/debug/ExecEnable.hh
 [CONFIG H] HAVE_PNG, 1 -> RISCV/config/have_png.hh
 [CONFIG H] HAVE_FENV, 1 -> RISCV/config/have_fenv.hh
 [CONFIG H] HAVE_VALGRIND, 0 -> RISCV/config/have_valgrind.hh
 [ TRACING]  -> RISCV/debug/GDBAll.hh
 [CONFIG H] USE_POSIX_CLOCK, 0 -> RISCV/config/use_posix_clock.hh
 [ TRACING]  -> RISCV/debug/FmtFlag.hh
 [ TRACING]  -> RISCV/debug/FmtStackTrace.hh
 [ TRACING]  -> RISCV/debug/FmtTicksOff.hh
 [ TRACING]  -> RISCV/debug/Annotate.cc
 [ TRACING]  -> RISCV/debug/Annotate.hh
 [ TRACING]  -> RISCV/debug/AnnotateQ.cc
 [ TRACING]  -> RISCV/debug/AnnotateQ.hh
 [ TRACING]  -> RISCV/debug/AnnotateVerbose.cc
 [ TRACING]  -> RISCV/debug/AnnotateVerbose.hh
 [ TRACING]  -> RISCV/debug/GDBAcc.cc
 [ TRACING]  -> RISCV/debug/GDBExtra.cc
 [ TRACING]  -> RISCV/debug/GDBMisc.cc
 [ TRACING]  -> RISCV/debug/GDBExtra.hh
 [ TRACING]  -> RISCV/debug/GDBMisc.hh
 [ TRACING]  -> RISCV/debug/GDBRead.cc
 [ TRACING]  -> RISCV/debug/GDBRecv.cc
 [ TRACING]  -> RISCV/debug/GDBRead.hh
 [ TRACING]  -> RISCV/debug/GDBRecv.hh
 [ TRACING]  -> RISCV/debug/GDBSend.cc
 [ TRACING]  -> RISCV/debug/GDBWrite.cc
 [ TRACING]  -> RISCV/debug/SQL.cc
 [ TRACING]  -> RISCV/debug/Stats.cc
 [ TRACING]  -> RISCV/debug/GDBWrite.hh
 [ TRACING]  -> RISCV/debug/SQL.hh
 [ TRACING]  -> RISCV/debug/GDBSend.hh
 [ TRACING]  -> RISCV/debug/Stats.hh
 [ TRACING]  -> RISCV/debug/StatEvents.cc
 [ TRACING]  -> RISCV/debug/GDBAll.cc
 [ TRACING]  -> RISCV/debug/AnnotateAll.cc
 [ TRACING]  -> RISCV/debug/FmtFlag.cc
 [ TRACING]  -> RISCV/debug/FmtStackTrace.cc
 [ TRACING]  -> RISCV/debug/FmtTicksOff.cc
 [ TRACING]  -> RISCV/debug/AnnotateAll.hh
 [ TRACING]  -> RISCV/debug/StatEvents.hh
 [     CXX] RISCV/base/filters/BloomFilters.py.cc -> .o
 [ TRACING]  -> RISCV/debug/Loader.hh
 [     CXX] RISCV/base/vnc/Vnc.py.cc -> .o
 [ TRACING]  -> RISCV/debug/VNC.hh
 [ TRACING]  -> RISCV/debug/VNC.cc
 [ TRACING]  -> RISCV/debug/Activity.cc
 [ TRACING]  -> RISCV/debug/Commit.cc
 [ TRACING]  -> RISCV/debug/Commit.hh
 [ TRACING]  -> RISCV/debug/Context.cc
 [ TRACING]  -> RISCV/debug/Activity.hh
 [ TRACING]  -> RISCV/debug/Decode.cc
 [ TRACING]  -> RISCV/debug/Context.hh
 [ TRACING]  -> RISCV/debug/DynInst.cc
 [ TRACING]  -> RISCV/debug/ExecEnable.cc
 [ TRACING]  -> RISCV/debug/ExecCPSeq.cc
 [ TRACING]  -> RISCV/debug/ExecEffAddr.cc
 [ TRACING]  -> RISCV/debug/ExecFaulting.cc
 [ TRACING]  -> RISCV/debug/ExecCPSeq.hh
 [ TRACING]  -> RISCV/debug/DynInst.hh
 [ TRACING]  -> RISCV/debug/ExecEffAddr.hh
 [ TRACING]  -> RISCV/debug/ExecFetchSeq.cc
 [ TRACING]  -> RISCV/debug/ExecFaulting.hh
 [ TRACING]  -> RISCV/debug/ExecOpClass.cc
 [ TRACING]  -> RISCV/debug/ExecRegDelta.cc
 [ TRACING]  -> RISCV/debug/ExecFetchSeq.hh
 [ TRACING]  -> RISCV/debug/ExecResult.cc
 [ TRACING]  -> RISCV/debug/ExecSymbol.cc
 [ TRACING]  -> RISCV/debug/ExecOpClass.hh
 [ TRACING]  -> RISCV/debug/ExecThread.cc
 [ TRACING]  -> RISCV/debug/ExecRegDelta.hh
 [ TRACING]  -> RISCV/debug/ExecResult.hh
 [ TRACING]  -> RISCV/debug/ExecSymbol.hh
 [ TRACING]  -> RISCV/debug/ExecThread.hh
 [ TRACING]  -> RISCV/debug/ExecMicro.cc
 [ TRACING]  -> RISCV/debug/ExecMacro.cc
 [ TRACING]  -> RISCV/debug/ExecUser.cc
 [ TRACING]  -> RISCV/debug/ExecKernel.cc
 [ TRACING]  -> RISCV/debug/ExecMacro.hh
 [ TRACING]  -> RISCV/debug/ExecAsid.cc
 [ TRACING]  -> RISCV/debug/ExecMicro.hh
 [ TRACING]  -> RISCV/debug/ExecUser.hh
 [ TRACING]  -> RISCV/debug/ExecFlags.cc
 [ TRACING]  -> RISCV/debug/ExecAsid.hh
 [ TRACING]  -> RISCV/debug/ExecKernel.hh
 [ TRACING]  -> RISCV/debug/Fetch.cc
 [ TRACING]  -> RISCV/debug/ExecFlags.hh
 [ TRACING]  -> RISCV/debug/HtmCpu.cc
 [ TRACING]  -> RISCV/debug/InvalidReg.cc
 [ TRACING]  -> RISCV/debug/O3PipeView.cc
 [ TRACING]  -> RISCV/debug/PCEvent.cc
 [ TRACING]  -> RISCV/debug/Fetch.hh
 [ TRACING]  -> RISCV/debug/HtmCpu.hh
 [ TRACING]  -> RISCV/debug/Quiesce.cc
 [ TRACING]  -> RISCV/debug/O3PipeView.hh
 [ TRACING]  -> RISCV/debug/Mwait.cc
 [ TRACING]  -> RISCV/debug/PCEvent.hh
 [ TRACING]  -> RISCV/debug/ExecAll.cc
 [ TRACING]  -> RISCV/debug/Quiesce.hh
 [ TRACING]  -> RISCV/debug/Exec.cc
 [ TRACING]  -> RISCV/debug/ExecNoTicks.cc
 [ TRACING]  -> RISCV/debug/ExecAll.hh
 [     CXX] RISCV/cpu/FuncUnit.py.cc -> .o
 [     CXX] RISCV/cpu/StaticInstFlags.py.cc -> .o
 [     CXX] RISCV/cpu/InstPBTrace.py.cc -> .o
 [ TRACING]  -> RISCV/debug/Exec.hh
 [ TRACING]  -> RISCV/debug/ExecNoTicks.hh
 [     CXX] RISCV/cpu/CheckerCPU.py.cc -> .o
 [     CXX] RISCV/cpu/BaseCPU.py.cc -> .o
 [     CXX] RISCV/cpu/CpuCluster.py.cc -> .o
 [     CXX] RISCV/cpu/CPUTracers.py.cc -> .o
 [     CXX] RISCV/cpu/TimingExpr.py.cc -> .o
 [ TRACING]  -> RISCV/debug/Thread.hh
 [ TRACING]  -> RISCV/debug/Checker.hh
 [     CXX] RISCV/cpu/DummyChecker.py.cc -> .o
 [ TRACING]  -> RISCV/debug/Checker.cc
 [     CXX] RISCV/cpu/kvm/KvmVM.py.cc -> .o
 [     CXX] RISCV/cpu/kvm/BaseKvmCPU.py.cc -> .o
 [ TRACING]  -> RISCV/debug/Drain.hh
 [ TRACING]  -> RISCV/debug/Kvm.hh
 [ TRACING]  -> RISCV/debug/KvmIO.hh
 [ TRACING]  -> RISCV/debug/KvmRun.hh
 [CONFIG H] HAVE_PERF_ATTR_EXCLUDE_HOST, 1 -> RISCV/config/have_perf_attr_exclude_host.hh
 [ TRACING]  -> RISCV/debug/KvmTimer.hh
 [ TRACING]  -> RISCV/debug/Kvm.cc
 [ TRACING]  -> RISCV/debug/KvmContext.cc
 [ TRACING]  -> RISCV/debug/KvmIO.cc
 [ TRACING]  -> RISCV/debug/KvmInt.cc
 [ TRACING]  -> RISCV/debug/KvmRun.cc
 [ TRACING]  -> RISCV/debug/KvmTimer.cc
 [ TRACING]  -> RISCV/debug/KvmContext.hh
 [ TRACING]  -> RISCV/debug/KvmAll.cc
 [     CXX] RISCV/cpu/minor/BaseMinorCPU.py.cc -> .o
 [ TRACING]  -> RISCV/debug/MinorTrace.hh
 [ TRACING]  -> RISCV/debug/KvmInt.hh
 [ TRACING]  -> RISCV/debug/MinorCPU.hh
 [ TRACING]  -> RISCV/debug/KvmAll.hh
 [ TRACING]  -> RISCV/debug/PyTorchSim.hh
 [ TRACING]  -> RISCV/debug/SystolicArray.hh
 [ TRACING]  -> RISCV/debug/MinorExecute.hh
 [ TRACING]  -> RISCV/debug/Branch.hh
 [ TRACING]  -> RISCV/debug/MinorInterrupt.hh
 [ TRACING]  -> RISCV/debug/MinorMem.hh
 [ TRACING]  -> RISCV/debug/MinorTiming.hh
 [ TRACING]  -> RISCV/debug/MinorScoreboard.hh
 [ TRACING]  -> RISCV/debug/MinorCPU.cc
 [ TRACING]  -> RISCV/debug/MinorExecute.cc
 [ TRACING]  -> RISCV/debug/MinorInterrupt.cc
 [ TRACING]  -> RISCV/debug/MinorMem.cc
 [ TRACING]  -> RISCV/debug/MinorScoreboard.cc
 [ TRACING]  -> RISCV/debug/MinorTrace.cc
 [ TRACING]  -> RISCV/debug/MinorTiming.cc
 [ TRACING]  -> RISCV/debug/SystolicArray.cc
 [ TRACING]  -> RISCV/debug/PyTorchSim.cc
 [ TRACING]  -> RISCV/debug/Minor.cc
 [     CXX] RISCV/cpu/minor/MinorCPU.py.cc -> .o
 [     CXX] RISCV/cpu/o3/FUPool.py.cc -> .o
 [ TRACING]  -> RISCV/debug/Minor.hh
 [     CXX] RISCV/cpu/o3/FuncUnitConfig.py.cc -> .o
 [     CXX] RISCV/cpu/o3/BaseO3CPU.py.cc -> .o
 [ TRACING]  -> RISCV/debug/CommitRate.hh
 [ TRACING]  -> RISCV/debug/IEW.hh
 [ TRACING]  -> RISCV/debug/FreeList.hh
 [ TRACING]  -> RISCV/debug/Scoreboard.hh
 [ TRACING]  -> RISCV/debug/LSQUnit.hh
 [ TRACING]  -> RISCV/debug/MemDepUnit.hh
 [ TRACING]  -> RISCV/debug/O3CPU.hh
 [ TRACING]  -> RISCV/debug/IQ.hh
 [ TRACING]  -> RISCV/debug/LSQ.hh
 [ TRACING]  -> RISCV/debug/Writeback.hh
 [ TRACING]  -> RISCV/debug/Rename.hh
 [ TRACING]  -> RISCV/debug/ROB.hh
 [ TRACING]  -> RISCV/debug/StoreSet.hh
 [ TRACING]  -> RISCV/debug/CommitRate.cc
 [ TRACING]  -> RISCV/debug/IEW.cc
 [ TRACING]  -> RISCV/debug/IQ.cc
 [ TRACING]  -> RISCV/debug/LSQ.cc
 [ TRACING]  -> RISCV/debug/LSQUnit.cc
 [ TRACING]  -> RISCV/debug/MemDepUnit.cc
 [ TRACING]  -> RISCV/debug/O3CPU.cc
 [ TRACING]  -> RISCV/debug/ROB.cc
 [ TRACING]  -> RISCV/debug/Rename.cc
 [ TRACING]  -> RISCV/debug/Scoreboard.cc
 [ TRACING]  -> RISCV/debug/StoreSet.cc
 [ TRACING]  -> RISCV/debug/Writeback.cc
 [ TRACING]  -> RISCV/debug/O3CPUAll.cc
 [     CXX] RISCV/cpu/o3/BaseO3Checker.py.cc -> .o
 [ TRACING]  -> RISCV/debug/O3CPUAll.hh
 [     CXX] RISCV/cpu/o3/O3CPU.py.cc -> .o
 [     CXX] RISCV/cpu/o3/O3Checker.py.cc -> .o
 [     CXX] RISCV/cpu/o3/probe/SimpleTrace.py.cc -> .o
 [ TRACING]  -> RISCV/debug/SimpleTrace.hh
 [ TRACING]  -> RISCV/debug/SimpleTrace.cc
 [     CXX] RISCV/cpu/o3/probe/ElasticTrace.py.cc -> .o
 [ TRACING]  -> RISCV/debug/ElasticTrace.hh
 [ TRACING]  -> RISCV/debug/ElasticTrace.cc
 [     CXX] RISCV/cpu/pred/BranchPredictor.py.cc -> .o
 [ TRACING]  -> RISCV/debug/Indirect.hh
 [ TRACING]  -> RISCV/debug/RAS.hh
 [ TRACING]  -> RISCV/debug/Tage.hh
 [ TRACING]  -> RISCV/debug/LTage.hh
 [ TRACING]  -> RISCV/debug/TageSCL.hh
 [ TRACING]  -> RISCV/debug/BTB.hh
 [ TRACING]  -> RISCV/debug/Indirect.cc
 [ TRACING]  -> RISCV/debug/BTB.cc
 [ TRACING]  -> RISCV/debug/RAS.cc
 [ TRACING]  -> RISCV/debug/FreeList.cc
 [ TRACING]  -> RISCV/debug/Branch.cc
 [ TRACING]  -> RISCV/debug/Tage.cc
 [ TRACING]  -> RISCV/debug/LTage.cc
 [ TRACING]  -> RISCV/debug/TageSCL.cc
 [     CXX] RISCV/cpu/probes/PcCountTracker.py.cc -> .o
 [ TRACING]  -> RISCV/debug/PcCountTracker.hh
 [ TRACING]  -> RISCV/debug/PcCountTracker.cc
 [     CXX] RISCV/cpu/simple/BaseAtomicSimpleCPU.py.cc -> .o
 [ TRACING]  -> RISCV/debug/SimpleCPU.hh
 [     CXX] RISCV/cpu/simple/BaseNonCachingSimpleCPU.py.cc -> .o
 [     CXX] RISCV/cpu/simple/BaseTimingSimpleCPU.py.cc -> .o
 [ TRACING]  -> RISCV/debug/Config.hh
 [ TRACING]  -> RISCV/debug/SimpleCPU.cc
 [     CXX] RISCV/cpu/simple/BaseSimpleCPU.py.cc -> .o
 [     CXX] RISCV/cpu/simple/AtomicSimpleCPU.py.cc -> .o
 [     CXX] RISCV/cpu/simple/NonCachingSimpleCPU.py.cc -> .o
 [     CXX] RISCV/cpu/simple/TimingSimpleCPU.py.cc -> .o
 [     CXX] RISCV/cpu/simple/probes/SimPoint.py.cc -> .o
 [     CXX] RISCV/cpu/testers/directedtest/RubyDirectedTester.py.cc -> .o
 [ TRACING]  -> RISCV/debug/DirectedTest.hh
 [ TRACING]  -> RISCV/debug/DirectedTest.cc
 [     CXX] RISCV/cpu/testers/garnet_synthetic_traffic/GarnetSyntheticTraffic.py.cc -> .o
 [ TRACING]  -> RISCV/debug/GarnetSyntheticTraffic.hh
 [ TRACING]  -> RISCV/debug/GarnetSyntheticTraffic.cc
 [     CXX] RISCV/cpu/testers/memtest/MemTest.py.cc -> .o
 [ TRACING]  -> RISCV/debug/MemTest.hh
 [ TRACING]  -> RISCV/debug/MemTest.cc
 [     CXX] RISCV/cpu/testers/rubytest/RubyTester.py.cc -> .o
 [ TRACING]  -> RISCV/debug/RubyTest.hh
 [ TRACING]  -> RISCV/debug/RubyTest.cc
 [CONFIG H] HAVE_PROTOBUF, 1 -> RISCV/config/have_protobuf.hh
 [ TRACING]  -> RISCV/debug/TrafficGen.hh
 [ TRACING]  -> RISCV/debug/GUPSGen.hh
 [ TRACING]  -> RISCV/debug/TrafficGen.cc
 [     CXX] RISCV/cpu/testers/traffic_gen/BaseTrafficGen.py.cc -> .o
 [ TRACING]  -> RISCV/debug/GUPSGen.cc
 [     CXX] RISCV/cpu/testers/traffic_gen/GUPSGen.py.cc -> .o
 [     CXX] RISCV/cpu/testers/traffic_gen/PyTrafficGen.py.cc -> .o
 [     CXX] RISCV/cpu/testers/traffic_gen/TrafficGen.py.cc -> .o
 [     CXX] RISCV/cpu/trace/TraceCPU.py.cc -> .o
 [ TRACING]  -> RISCV/debug/TraceCPUData.hh
 [ TRACING]  -> RISCV/debug/TraceCPUInst.hh
 [ TRACING]  -> RISCV/debug/TraceCPUData.cc
 [ TRACING]  -> RISCV/debug/TraceCPUInst.cc
 [     CXX] RISCV/dev/Device.py.cc -> .o
 [ TRACING]  -> RISCV/debug/AddrRanges.hh
 [ TRACING]  -> RISCV/debug/IsaFake.hh
 [ TRACING]  -> RISCV/debug/DMA.hh
 [     CXX] RISCV/dev/IntPin.py.cc -> .o
 [     CXX] RISCV/dev/ResetPort.py.cc -> .o
 [ TRACING]  -> RISCV/debug/IsaFake.cc
 [ TRACING]  -> RISCV/debug/DMA.cc
 [     CXX] RISCV/dev/Platform.py.cc -> .o
 [     CXX] RISCV/dev/BadDevice.py.cc -> .o
 [ TRACING]  -> RISCV/debug/Intel8254Timer.hh
 [ TRACING]  -> RISCV/debug/MC146818.hh
 [ TRACING]  -> RISCV/debug/Intel8254Timer.cc
 [ TRACING]  -> RISCV/debug/MC146818.cc
 [     CXX] RISCV/dev/i2c/I2C.py.cc -> .o
 [     CXX] RISCV/dev/lupio/LupioBLK.py.cc -> .o
 [     CXX] RISCV/dev/lupio/LupioIPI.py.cc -> .o
 [     CXX] RISCV/dev/lupio/LupioPIC.py.cc -> .o
 [     CXX] RISCV/dev/lupio/LupioRNG.py.cc -> .o
 [     CXX] RISCV/dev/lupio/LupioRTC.py.cc -> .o
 [     CXX] RISCV/dev/lupio/LupioTMR.py.cc -> .o
 [     CXX] RISCV/dev/lupio/LupioTTY.py.cc -> .o
 [     CXX] RISCV/dev/lupio/LupioSYS.py.cc -> .o
 [SO Param] m5.objects.BaseInterrupts, BaseInterrupts -> RISCV/params/BaseInterrupts.hh
 [SO Param] m5.objects.BranchPredictor, MPP_LoopPredictor -> RISCV/params/MPP_LoopPredictor.hh
 [SO Param] m5.objects.BaseMinorCPU, MinorFUPool -> RISCV/python/_m5/param_MinorFUPool.cc
 [SO Param] m5.objects.BranchPredictor, LocalBP -> RISCV/params/LocalBP.hh
 [SO Param] m5.objects.RiscvMMU, RiscvMMU -> RISCV/python/_m5/param_RiscvMMU.cc
 [SO Param] m5.objects.Device, BasicPioDevice -> RISCV/params/BasicPioDevice.hh
 [SO Param] m5.objects.TimingExpr, TimingExprLiteral -> RISCV/python/_m5/param_TimingExprLiteral.cc
 [SO Param] m5.objects.RiscvDecoder, RiscvDecoder -> RISCV/python/_m5/param_RiscvDecoder.cc
 [SO Param] m5.objects.System, System -> RISCV/params/System.hh
 [SO Param] m5.objects.BranchPredictor, MultiperspectivePerceptronTAGE8KB -> RISCV/params/MultiperspectivePerceptronTAGE8KB.hh
 [SO Param] m5.objects.TimingExpr, TimingExprRef -> RISCV/params/TimingExprRef.hh
 [SO Param] m5.objects.PowerState, PowerState -> RISCV/params/PowerState.hh
 [SO Param] m5.objects.BranchPredictor, MultiperspectivePerceptron8KB -> RISCV/python/_m5/param_MultiperspectivePerceptron8KB.cc
 [SO Param] m5.objects.BranchPredictor, TAGE_SC_L_64KB -> RISCV/python/_m5/param_TAGE_SC_L_64KB.cc
 [SO Param] m5.objects.BranchPredictor, BranchTargetBuffer -> RISCV/python/_m5/param_BranchTargetBuffer.cc
 [SO Param] m5.objects.FUPool, FUPool -> RISCV/params/FUPool.hh
 [ENUMDECL] m5.objects.BaseTLB, TypeTLB -> RISCV/enums/TypeTLB.hh
 [SO Param] m5.objects.I2C, I2CBus -> RISCV/python/_m5/param_I2CBus.cc
 [SO Param] m5.objects.CPUTracers, NativeTrace -> RISCV/python/_m5/param_NativeTrace.cc
 [SO Param] m5.objects.RiscvFsWorkload, RiscvLinux -> RISCV/params/RiscvLinux.hh
 [SO Param] m5.objects.BaseMMU, BaseMMU -> RISCV/python/_m5/param_BaseMMU.cc
 [SO Param] m5.objects.CheckerCPU, CheckerCPU -> RISCV/params/CheckerCPU.hh
 [SO Param] m5.objects.MemTest, MemTest -> RISCV/python/_m5/param_MemTest.cc
 [SO Param] m5.objects.BranchPredictor, MPP_TAGE_8KB -> RISCV/python/_m5/param_MPP_TAGE_8KB.cc
 [SO Param] m5.objects.PcCountTracker, PcCountTrackerManager -> RISCV/python/_m5/param_PcCountTrackerManager.cc
 [SO Param] m5.objects.BranchPredictor, TAGE_SC_L_64KB_StatisticalCorrector -> RISCV/python/_m5/param_TAGE_SC_L_64KB_StatisticalCorrector.cc
 [SO Param] m5.objects.BaseMinorCPU, MinorFUPool -> RISCV/params/MinorFUPool.hh
 [SO Param] m5.objects.AbstractMemory, AbstractMemory -> RISCV/params/AbstractMemory.hh
 [SO Param] m5.objects.ThermalModel, ThermalModel -> RISCV/params/ThermalModel.hh
 [SO Param] m5.objects.Workload, KernelWorkload -> RISCV/params/KernelWorkload.hh
 [SO Param] m5.objects.RiscvMMU, RiscvMMU -> RISCV/params/RiscvMMU.hh
 [SO Param] m5.objects.TimingExpr, TimingExprLiteral -> RISCV/params/TimingExprLiteral.hh
 [SO Param] m5.objects.RiscvDecoder, RiscvDecoder -> RISCV/params/RiscvDecoder.hh
 [SO Param] m5.objects.PyTrafficGen, PyTrafficGen -> RISCV/python/_m5/param_PyTrafficGen.cc
 [SO Param] m5.objects.GUPSGen, GUPSGen -> RISCV/python/_m5/param_GUPSGen.cc
 [SO Param] m5.objects.BranchPredictor, TAGE_SC_L_64KB -> RISCV/params/TAGE_SC_L_64KB.hh
 [SO Param] m5.objects.BranchPredictor, MultiperspectivePerceptron8KB -> RISCV/params/MultiperspectivePerceptron8KB.hh
 [SO Param] m5.objects.ElasticTrace, ElasticTrace -> RISCV/python/_m5/param_ElasticTrace.cc
 [ENUM STR] m5.objects.BaseO3CPU, CommitPolicy -> RISCV/enums/CommitPolicy.cc
 [SO Param] m5.objects.BaseO3CPU, BaseO3CPU -> RISCV/python/_m5/param_BaseO3CPU.cc
 [SO Param] m5.objects.KvmVM, KvmVM -> RISCV/python/_m5/param_KvmVM.cc
 [SO Param] m5.objects.BranchPredictor, BranchTargetBuffer -> RISCV/params/BranchTargetBuffer.hh
 [SO Param] m5.objects.RiscvISA, RiscvISA -> RISCV/python/_m5/param_RiscvISA.cc
 [SO Param] m5.objects.RiscvSeWorkload, RiscvEmuLinux -> RISCV/python/_m5/param_RiscvEmuLinux.cc
 [SO Param] m5.objects.I2C, I2CBus -> RISCV/params/I2CBus.hh
 [SO Param] m5.objects.RubyDirectedTester, InvalidateGenerator -> RISCV/python/_m5/param_InvalidateGenerator.cc
 [SO Param] m5.objects.CPUTracers, NativeTrace -> RISCV/params/NativeTrace.hh
 [SO Param] m5.objects.BloomFilters, BloomFilterH3 -> RISCV/python/_m5/param_BloomFilterH3.cc
 [SO Param] m5.objects.RiscvTLB, RiscvTLB -> RISCV/python/_m5/param_RiscvTLB.cc
 [SO Param] m5.objects.BranchPredictor, MPP_TAGE_8KB -> RISCV/params/MPP_TAGE_8KB.hh
 [SO Param] m5.objects.BaseKvmCPU, BaseKvmCPU -> RISCV/python/_m5/param_BaseKvmCPU.cc
 [SO Param] m5.objects.BranchPredictor, TAGE_SC_L_TAGE_8KB -> RISCV/python/_m5/param_TAGE_SC_L_TAGE_8KB.cc
 [SO Param] m5.objects.PcCountTracker, PcCountTrackerManager -> RISCV/params/PcCountTrackerManager.hh
 [SO Param] m5.objects.BranchPredictor, TAGE_SC_L_64KB_StatisticalCorrector -> RISCV/params/TAGE_SC_L_64KB_StatisticalCorrector.hh
 [SO Param] m5.objects.BaseAtomicSimpleCPU, BaseAtomicSimpleCPU -> RISCV/python/_m5/param_BaseAtomicSimpleCPU.cc
 [SO Param] m5.objects.BranchPredictor, BranchPredictor -> RISCV/python/_m5/param_BranchPredictor.cc
 [SO Param] m5.objects.Device, IsaFake -> RISCV/python/_m5/param_IsaFake.cc
 [SO Param] m5.objects.PyTrafficGen, PyTrafficGen -> RISCV/params/PyTrafficGen.hh
 [SO Param] m5.objects.GUPSGen, GUPSGen -> RISCV/params/GUPSGen.hh
 [SO Param] m5.objects.BranchPredictor, MultiperspectivePerceptronTAGE -> RISCV/python/_m5/param_MultiperspectivePerceptronTAGE.cc
 [SO Param] m5.objects.BranchPredictor, TAGE_SC_L_LoopPredictor -> RISCV/python/_m5/param_TAGE_SC_L_LoopPredictor.cc
 [SO Param] m5.objects.BranchPredictor, BiModeBP -> RISCV/python/_m5/param_BiModeBP.cc
 [SO Param] m5.objects.ElasticTrace, ElasticTrace -> RISCV/params/ElasticTrace.hh
 [ENUMDECL] m5.objects.BaseO3CPU, CommitPolicy -> RISCV/enums/CommitPolicy.hh
 [SO Param] m5.objects.KvmVM, KvmVM -> RISCV/params/KvmVM.hh
 [SO Param] m5.objects.BaseO3CPU, BaseO3CPU -> RISCV/params/BaseO3CPU.hh
 [SO Param] m5.objects.RiscvISA, RiscvISA -> RISCV/params/RiscvISA.hh
 [SO Param] m5.objects.RiscvSeWorkload, RiscvEmuLinux -> RISCV/params/RiscvEmuLinux.hh
 [SO Param] m5.objects.RubyDirectedTester, InvalidateGenerator -> RISCV/params/InvalidateGenerator.hh
 [SO Param] m5.objects.BloomFilters, BloomFilterH3 -> RISCV/params/BloomFilterH3.hh
 [SO Param] m5.objects.LupioIPI, LupioIPI -> RISCV/python/_m5/param_LupioIPI.cc
 [SO Param] m5.objects.RiscvTLB, RiscvTLB -> RISCV/params/RiscvTLB.hh
 [SO Param] m5.objects.TimingExpr, TimingExprBin -> RISCV/python/_m5/param_TimingExprBin.cc
 [SO Param] m5.objects.BaseKvmCPU, BaseKvmCPU -> RISCV/params/BaseKvmCPU.hh
 [SO Param] m5.objects.BranchPredictor, TAGE_SC_L_TAGE_8KB -> RISCV/params/TAGE_SC_L_TAGE_8KB.hh
 [SO Param] m5.objects.BaseTrafficGen, BaseTrafficGen -> RISCV/python/_m5/param_BaseTrafficGen.cc
 [SO Param] m5.objects.Device, IsaFake -> RISCV/params/IsaFake.hh
 [ENUM STR] m5.objects.Graphics, ImageFormat -> RISCV/enums/ImageFormat.cc
 [SO Param] m5.objects.RiscvSemihosting, RiscvSemihosting -> RISCV/python/_m5/param_RiscvSemihosting.cc
 [SO Param] m5.objects.FuncUnit, FUDesc -> RISCV/python/_m5/param_FUDesc.cc
 [SO Param] m5.objects.BloomFilters, BloomFilterBlock -> RISCV/python/_m5/param_BloomFilterBlock.cc
 [SO Param] m5.objects.LupioPIC, LupioPIC -> RISCV/python/_m5/param_LupioPIC.cc
 [SO Param] m5.objects.BloomFilters, BloomFilterBase -> RISCV/python/_m5/param_BloomFilterBase.cc
 [SO Param] m5.objects.BaseISA, BaseISA -> RISCV/python/_m5/param_BaseISA.cc
 [ENUMDECL] m5.objects.MemInterface, AddrMap -> RISCV/enums/AddrMap.hh
 [SO Param] m5.objects.BranchPredictor, MultiperspectivePerceptronTAGE -> RISCV/params/MultiperspectivePerceptronTAGE.hh
 [SO Param] m5.objects.BranchPredictor, LoopPredictor -> RISCV/python/_m5/param_LoopPredictor.cc
 [SO Param] m5.objects.BranchPredictor, BiModeBP -> RISCV/params/BiModeBP.hh
 [SO Param] m5.objects.BranchPredictor, TAGE_SC_L_LoopPredictor -> RISCV/params/TAGE_SC_L_LoopPredictor.hh
 [SO Param] m5.objects.BaseTimingSimpleCPU, BaseTimingSimpleCPU -> RISCV/python/_m5/param_BaseTimingSimpleCPU.cc
 [SO Param] m5.objects.TimingExpr, TimingExprLet -> RISCV/python/_m5/param_TimingExprLet.cc
 [SO Param] m5.objects.LupioIPI, LupioIPI -> RISCV/params/LupioIPI.hh
 [SO Param] m5.objects.BranchPredictor, MultiperspectivePerceptron -> RISCV/python/_m5/param_MultiperspectivePerceptron.cc
 [ENUMDECL] m5.objects.BaseTrafficGen, StreamGenType -> RISCV/enums/StreamGenType.hh
 [SO Param] m5.objects.TimingExpr, TimingExprBin -> RISCV/params/TimingExprBin.hh
 [SO Param] m5.objects.Device, PioDevice -> RISCV/python/_m5/param_PioDevice.cc
 [SO Param] m5.objects.BranchPredictor, MPP_TAGE -> RISCV/python/_m5/param_MPP_TAGE.cc
 [SO Param] m5.objects.SimObject, SimObject -> RISCV/params/SimObject.hh
 [SO Param] m5.objects.BranchPredictor, ReturnAddrStack -> RISCV/python/_m5/param_ReturnAddrStack.cc
 [SO Param] m5.objects.BaseTrafficGen, BaseTrafficGen -> RISCV/params/BaseTrafficGen.hh
 [ENUMDECL] m5.objects.Graphics, ImageFormat -> RISCV/enums/ImageFormat.hh
 [SO Param] m5.objects.LupioPIC, LupioPIC -> RISCV/params/LupioPIC.hh
 [SO Param] m5.objects.FuncUnit, FUDesc -> RISCV/params/FUDesc.hh
 [SO Param] m5.objects.BaseISA, BaseISA -> RISCV/params/BaseISA.hh
 [SO Param] m5.objects.BloomFilters, BloomFilterBlock -> RISCV/params/BloomFilterBlock.hh
 [SO Param] m5.objects.BaseCPU, BaseCPU -> RISCV/python/_m5/param_BaseCPU.cc
 [SO Param] m5.objects.BloomFilters, BloomFilterBase -> RISCV/params/BloomFilterBase.hh
 [SO Param] m5.objects.BranchPredictor, MPP_StatisticalCorrector_8KB -> RISCV/python/_m5/param_MPP_StatisticalCorrector_8KB.cc
 [SO Param] m5.objects.BranchPredictor, LoopPredictor -> RISCV/params/LoopPredictor.hh
 [ENUM STR] m5.objects.BaseO3CPU, SMTQueuePolicy -> RISCV/enums/SMTQueuePolicy.cc
 [ENUMDECL] m5.objects.Workload, KernelPanicOopsBehaviour -> RISCV/enums/KernelPanicOopsBehaviour.hh
 [SO Param] m5.objects.ClockDomain, ClockDomain -> RISCV/params/ClockDomain.hh
 [SO Param] m5.objects.MemTest, MemTest -> RISCV/params/MemTest.hh
 [SO Param] m5.objects.BaseTimingSimpleCPU, BaseTimingSimpleCPU -> RISCV/params/BaseTimingSimpleCPU.hh
 [SO Param] m5.objects.Probe, ProbeListenerObject -> RISCV/params/ProbeListenerObject.hh
 [ENUM STR] m5.objects.BaseMinorCPU, ThreadPolicy -> RISCV/enums/ThreadPolicy.cc
 [SO Param] m5.objects.TimingExpr, TimingExprLet -> RISCV/params/TimingExprLet.hh
 [SO Param] m5.objects.BaseTLB, BaseTLB -> RISCV/python/_m5/param_BaseTLB.cc
 [SO Param] m5.objects.InstTracer, InstTracer -> RISCV/params/InstTracer.hh
 [ENUM STR] m5.objects.StaticInstFlags, StaticInstFlags -> RISCV/enums/StaticInstFlags.cc
 [SO Param] m5.objects.RiscvFsWorkload, RiscvBareMetal -> RISCV/python/_m5/param_RiscvBareMetal.cc
 [SO Param] m5.objects.BranchPredictor, MultiperspectivePerceptron -> RISCV/params/MultiperspectivePerceptron.hh
 [SO Param] m5.objects.Vnc, VncInput -> RISCV/python/_m5/param_VncInput.cc
 [ENUM STR] m5.objects.BranchPredictor, TargetProvider -> RISCV/enums/TargetProvider.cc
 [SO Param] m5.objects.Device, PioDevice -> RISCV/params/PioDevice.hh
 [SO Param] m5.objects.BranchPredictor, MPP_TAGE -> RISCV/params/MPP_TAGE.hh
 [SO Param] m5.objects.BaseMinorCPU, MinorFU -> RISCV/python/_m5/param_MinorFU.cc
 [SO Param] m5.objects.BranchPredictor, ReturnAddrStack -> RISCV/params/ReturnAddrStack.hh
 [SO Param] m5.objects.LupioTMR, LupioTMR -> RISCV/python/_m5/param_LupioTMR.cc
 [SO Param] m5.objects.BaseMinorCPU, MinorOpClass -> RISCV/python/_m5/param_MinorOpClass.cc
 [SO Param] m5.objects.DummyChecker, DummyChecker -> RISCV/python/_m5/param_DummyChecker.cc
 [SO Param] m5.objects.TimingExpr, TimingExpr -> RISCV/python/_m5/param_TimingExpr.cc
 [SO Param] m5.objects.BloomFilters, BloomFilterPerfect -> RISCV/python/_m5/param_BloomFilterPerfect.cc
 [SO Param] m5.objects.BaseCPU, BaseCPU -> RISCV/params/BaseCPU.hh
 [SO Param] m5.objects.BranchPredictor, MPP_StatisticalCorrector_8KB -> RISCV/params/MPP_StatisticalCorrector_8KB.hh
 [SO Param] m5.objects.ClockedObject, ClockedObject -> RISCV/params/ClockedObject.hh
 [ENUMDECL] m5.objects.BaseO3CPU, SMTQueuePolicy -> RISCV/enums/SMTQueuePolicy.hh
 [SO Param] m5.objects.BranchPredictor, SimpleIndirectPredictor -> RISCV/python/_m5/param_SimpleIndirectPredictor.cc
 [SO Param] m5.objects.RubyTester, RubyTester -> RISCV/python/_m5/param_RubyTester.cc
 [SO Param] m5.objects.GarnetSyntheticTraffic, GarnetSyntheticTraffic -> RISCV/python/_m5/param_GarnetSyntheticTraffic.cc
 [ENUMDECL] m5.objects.BaseMinorCPU, ThreadPolicy -> RISCV/enums/ThreadPolicy.hh
 [SO Param] m5.objects.Process, EmulatedDriver -> RISCV/params/EmulatedDriver.hh
 [SO Param] m5.objects.CPUTracers, IntelTrace -> RISCV/python/_m5/param_IntelTrace.cc
 [ENUMDECL] m5.objects.StaticInstFlags, StaticInstFlags -> RISCV/enums/StaticInstFlags.hh
 [SO Param] m5.objects.RiscvFsWorkload, RiscvBareMetal -> RISCV/params/RiscvBareMetal.hh
 [SO Param] m5.objects.Vnc, VncInput -> RISCV/params/VncInput.hh
 [SO Param] m5.objects.InstTracer, InstDisassembler -> RISCV/params/InstDisassembler.hh
 [SO Param] m5.objects.LupioTMR, LupioTMR -> RISCV/params/LupioTMR.hh
 [ENUMDECL] m5.objects.BranchPredictor, TargetProvider -> RISCV/enums/TargetProvider.hh
 [SO Param] m5.objects.TrafficGen, TrafficGen -> RISCV/python/_m5/param_TrafficGen.cc
 [SO Param] m5.objects.DummyChecker, DummyChecker -> RISCV/params/DummyChecker.hh
 [SO Param] m5.objects.BranchPredictor, MultiperspectivePerceptronTAGE64KB -> RISCV/python/_m5/param_MultiperspectivePerceptronTAGE64KB.cc
 [SO Param] m5.objects.BranchPredictor, TAGE_SC_L -> RISCV/python/_m5/param_TAGE_SC_L.cc
 [SO Param] m5.objects.BranchPredictor, TAGE -> RISCV/python/_m5/param_TAGE.cc
 [SO Param] m5.objects.BaseMinorCPU, MinorFU -> RISCV/params/MinorFU.hh
 [SO Param] m5.objects.Workload, StubWorkload -> RISCV/params/StubWorkload.hh
 [SO Param] m5.objects.PowerModel, PowerModel -> RISCV/params/PowerModel.hh
 [SO Param] m5.objects.PMAChecker, BasePMAChecker -> RISCV/python/_m5/param_BasePMAChecker.cc
 [SO Param] m5.objects.InstDecoder, InstDecoder -> RISCV/python/_m5/param_InstDecoder.cc
 [SO Param] m5.objects.BaseMinorCPU, MinorOpClass -> RISCV/params/MinorOpClass.hh
 [SO Param] m5.objects.TimingExpr, TimingExpr -> RISCV/params/TimingExpr.hh
 [SO Param] m5.objects.BloomFilters, BloomFilterPerfect -> RISCV/params/BloomFilterPerfect.hh
 [SO Param] m5.objects.CpuCluster, CpuCluster -> RISCV/python/_m5/param_CpuCluster.cc
 [ENUM STR] m5.objects.TimingExpr, TimingExprOp -> RISCV/enums/TimingExprOp.cc
 [SO Param] m5.objects.BranchPredictor, SimpleIndirectPredictor -> RISCV/params/SimpleIndirectPredictor.hh
 [SO Param] m5.objects.Platform, Platform -> RISCV/python/_m5/param_Platform.cc
 [SO Param] m5.objects.GarnetSyntheticTraffic, GarnetSyntheticTraffic -> RISCV/params/GarnetSyntheticTraffic.hh
 [SO Param] m5.objects.RubyTester, RubyTester -> RISCV/params/RubyTester.hh
 [SO Param] m5.objects.RubyDirectedTester, SeriesRequestGenerator -> RISCV/python/_m5/param_SeriesRequestGenerator.cc
 [SO Param] m5.objects.CPUTracers, IntelTrace -> RISCV/params/IntelTrace.hh
 [SO Param] m5.objects.BloomFilters, BloomFilterBulk -> RISCV/python/_m5/param_BloomFilterBulk.cc
 [SO Param] m5.objects.RiscvTLB, RiscvPagetableWalker -> RISCV/python/_m5/param_RiscvPagetableWalker.cc
 [SO Param] m5.objects.TrafficGen, TrafficGen -> RISCV/params/TrafficGen.hh
 [SO Param] m5.objects.BranchPredictor, MultiperspectivePerceptronTAGE64KB -> RISCV/params/MultiperspectivePerceptronTAGE64KB.hh
 [SO Param] m5.objects.BranchPredictor, TAGE_SC_L_TAGE_64KB -> RISCV/python/_m5/param_TAGE_SC_L_TAGE_64KB.cc
 [SO Param] m5.objects.BranchPredictor, TAGE -> RISCV/params/TAGE.hh
 [SO Param] m5.objects.BranchPredictor, TAGE_SC_L -> RISCV/params/TAGE_SC_L.hh
 [ENUM STR] m5.objects.RiscvISA, PrivilegeModeSet -> RISCV/enums/PrivilegeModeSet.cc
 [SO Param] m5.objects.PMAChecker, BasePMAChecker -> RISCV/params/BasePMAChecker.hh
 [SO Param] m5.objects.InstDecoder, InstDecoder -> RISCV/params/InstDecoder.hh
 [SO Param] m5.objects.BaseSimpleCPU, BaseSimpleCPU -> RISCV/python/_m5/param_BaseSimpleCPU.cc
 [SO Param] m5.objects.Device, DmaVirtDevice -> RISCV/python/_m5/param_DmaVirtDevice.cc
 [ENUMDECL] m5.objects.TimingExpr, TimingExprOp -> RISCV/enums/TimingExprOp.hh
 [SO Param] m5.objects.CpuCluster, CpuCluster -> RISCV/params/CpuCluster.hh
 [SO Param] m5.objects.VoltageDomain, VoltageDomain -> RISCV/params/VoltageDomain.hh
 [SO Param] m5.objects.SubSystem, SubSystem -> RISCV/params/SubSystem.hh
 [SO Param] m5.objects.BranchPredictor, MPP_StatisticalCorrector -> RISCV/python/_m5/param_MPP_StatisticalCorrector.cc
 [SO Param] m5.objects.BranchPredictor, TournamentBP -> RISCV/python/_m5/param_TournamentBP.cc
 [ENUM STR] m5.objects.BaseO3CPU, SMTFetchPolicy -> RISCV/enums/SMTFetchPolicy.cc
 [SO Param] m5.objects.BranchPredictor, LTAGE -> RISCV/python/_m5/param_LTAGE.cc
 [SO Param] m5.objects.Platform, Platform -> RISCV/params/Platform.hh
 [ENUMDECL] m5.objects.PowerModel, PMType -> RISCV/enums/PMType.hh
 [SO Param] m5.objects.PowerModelState, PowerModelState -> RISCV/params/PowerModelState.hh
 [SO Param] m5.objects.RubyDirectedTester, SeriesRequestGenerator -> RISCV/params/SeriesRequestGenerator.hh
 [SO Param] m5.objects.RiscvSeWorkload, RiscvSEWorkload -> RISCV/python/_m5/param_RiscvSEWorkload.cc
 [SO Param] m5.objects.RubyDirectedTester, DirectedGenerator -> RISCV/python/_m5/param_DirectedGenerator.cc
 [SO Param] m5.objects.BloomFilters, BloomFilterBulk -> RISCV/params/BloomFilterBulk.hh
 [SO Param] m5.objects.LupioRNG, LupioRNG -> RISCV/python/_m5/param_LupioRNG.cc
 [ENUM STR] m5.objects.BranchPredictor, BranchType -> RISCV/enums/BranchType.cc
 [SO Param] m5.objects.RiscvTLB, RiscvPagetableWalker -> RISCV/params/RiscvPagetableWalker.hh
 [SO Param] m5.objects.Device, DmaVirtDevice -> RISCV/params/DmaVirtDevice.hh
 [SO Param] m5.objects.TimingExpr, TimingExprUn -> RISCV/python/_m5/param_TimingExprUn.cc
 [SO Param] m5.objects.BranchPredictor, TAGE_SC_L_TAGE_64KB -> RISCV/params/TAGE_SC_L_TAGE_64KB.hh
 [SO Param] m5.objects.ClockDomain, DerivedClockDomain -> RISCV/params/DerivedClockDomain.hh
 [ENUMDECL] m5.objects.RiscvISA, PrivilegeModeSet -> RISCV/enums/PrivilegeModeSet.hh
 [SO Param] m5.objects.BaseSimpleCPU, BaseSimpleCPU -> RISCV/params/BaseSimpleCPU.hh
 [SO Param] m5.objects.ThermalDomain, ThermalDomain -> RISCV/params/ThermalDomain.hh
 [SO Param] m5.objects.Vnc, VncServer -> RISCV/python/_m5/param_VncServer.cc
 [SO Param] m5.objects.RiscvFsWorkload, RiscvBootloaderKernelWorkload -> RISCV/python/_m5/param_RiscvBootloaderKernelWorkload.cc
 [SO Param] m5.objects.FuncUnit, OpDesc -> RISCV/python/_m5/param_OpDesc.cc
 [SO Param] m5.objects.SimpleTrace, SimpleTrace -> RISCV/python/_m5/param_SimpleTrace.cc
 [SO Param] m5.objects.BranchPredictor, MPP_StatisticalCorrector -> RISCV/params/MPP_StatisticalCorrector.hh
 [SO Param] m5.objects.BaseMinorCPU, BaseMinorCPU -> RISCV/python/_m5/param_BaseMinorCPU.cc
 [SO Param] m5.objects.BranchPredictor, TournamentBP -> RISCV/params/TournamentBP.hh
 [SO Param] m5.objects.LupioTTY, LupioTTY -> RISCV/python/_m5/param_LupioTTY.cc
 [SO Param] m5.objects.TimingExpr, TimingExprSrcReg -> RISCV/python/_m5/param_TimingExprSrcReg.cc
 [SO Param] m5.objects.RiscvSeWorkload, RiscvSEWorkload -> RISCV/params/RiscvSEWorkload.hh
 [SO Param] m5.objects.LupioRNG, LupioRNG -> RISCV/params/LupioRNG.hh
 [ TRACING]  -> RISCV/debug/LupioRNG.hh
 [SO Param] m5.objects.InstPBTrace, InstPBTrace -> RISCV/python/_m5/param_InstPBTrace.cc
 [SO Param] m5.objects.RubyDirectedTester, DirectedGenerator -> RISCV/params/DirectedGenerator.hh
 [SO Param] m5.objects.BranchPredictor, TAGE_SC_L_8KB -> RISCV/python/_m5/param_TAGE_SC_L_8KB.cc
 [ENUMDECL] m5.objects.System, MemoryMode -> RISCV/enums/MemoryMode.hh
 [SO Param] m5.objects.TraceCPU, TraceCPU -> RISCV/python/_m5/param_TraceCPU.cc
 [ENUMDECL] m5.objects.BranchPredictor, BranchType -> RISCV/enums/BranchType.hh
 [SO Param] m5.objects.TimingExpr, TimingExprUn -> RISCV/params/TimingExprUn.hh
 [ENUMDECL] m5.objects.PowerState, PwrState -> RISCV/enums/PwrState.hh
 [SO Param] m5.objects.BranchPredictor, MultiperspectivePerceptron64KB -> RISCV/python/_m5/param_MultiperspectivePerceptron64KB.cc
 [SO Param] m5.objects.BranchPredictor, SimpleBTB -> RISCV/python/_m5/param_SimpleBTB.cc
 [SO Param] m5.objects.BadDevice, BadDevice -> RISCV/python/_m5/param_BadDevice.cc
 [SO Param] m5.objects.BaseNonCachingSimpleCPU, BaseNonCachingSimpleCPU -> RISCV/python/_m5/param_BaseNonCachingSimpleCPU.cc
 [SO Param] m5.objects.BaseMinorCPU, MinorFUTiming -> RISCV/params/MinorFUTiming.hh
 [SO Param] m5.objects.Vnc, VncServer -> RISCV/params/VncServer.hh
 [SO Param] m5.objects.RiscvFsWorkload, RiscvBootloaderKernelWorkload -> RISCV/params/RiscvBootloaderKernelWorkload.hh
 [SO Param] m5.objects.LupioTTY, LupioTTY -> RISCV/params/LupioTTY.hh
 [SO Param] m5.objects.FuncUnit, OpDesc -> RISCV/params/OpDesc.hh
 [SO Param] m5.objects.PMP, PMP -> RISCV/python/_m5/param_PMP.cc
 [SO Param] m5.objects.SimpleTrace, SimpleTrace -> RISCV/params/SimpleTrace.hh
 [SO Param] m5.objects.BranchPredictor, MPP_LoopPredictor_8KB -> RISCV/python/_m5/param_MPP_LoopPredictor_8KB.cc
 [SO Param] m5.objects.PcCountTracker, PcCountTracker -> RISCV/python/_m5/param_PcCountTracker.cc
 [SO Param] m5.objects.RedirectPath, RedirectPath -> RISCV/params/RedirectPath.hh
 [SO Param] m5.objects.BaseMinorCPU, BaseMinorCPU -> RISCV/params/BaseMinorCPU.hh
 [SO Param] m5.objects.RiscvSemihosting, RiscvSemihosting -> RISCV/params/RiscvSemihosting.hh
 [SO Param] m5.objects.Workload, SEWorkload -> RISCV/params/SEWorkload.hh
 [SO Param] m5.objects.TimingExpr, TimingExprSrcReg -> RISCV/params/TimingExprSrcReg.hh
 [SO Param] m5.objects.InstPBTrace, InstPBTrace -> RISCV/params/InstPBTrace.hh
 [SO Param] m5.objects.BranchPredictor, TAGE_SC_L_8KB -> RISCV/params/TAGE_SC_L_8KB.hh
 [SO Param] m5.objects.TraceCPU, TraceCPU -> RISCV/params/TraceCPU.hh
 [SO Param] m5.objects.BadDevice, BadDevice -> RISCV/params/BadDevice.hh
 [SO Param] m5.objects.BranchPredictor, MultiperspectivePerceptron64KB -> RISCV/params/MultiperspectivePerceptron64KB.hh
 [SO Param] m5.objects.BaseMinorCPU, MinorFUTiming -> RISCV/python/_m5/param_MinorFUTiming.cc
 [SO Param] m5.objects.BranchPredictor, SimpleBTB -> RISCV/params/SimpleBTB.hh
 [ENUM STR] m5.objects.RiscvISA, RiscvType -> RISCV/enums/RiscvType.cc
 [SO Param] m5.objects.BaseNonCachingSimpleCPU, BaseNonCachingSimpleCPU -> RISCV/params/BaseNonCachingSimpleCPU.hh
 [SO Param] m5.objects.RubyDirectedTester, RubyDirectedTester -> RISCV/python/_m5/param_RubyDirectedTester.cc
 [SO Param] m5.objects.BloomFilters, BloomFilterMulti -> RISCV/python/_m5/param_BloomFilterMulti.cc
 [SO Param] m5.objects.PMP, PMP -> RISCV/params/PMP.hh
 [SO Param] m5.objects.BranchPredictor, MPP_LoopPredictor_8KB -> RISCV/params/MPP_LoopPredictor_8KB.hh
 [SO Param] m5.objects.PcCountTracker, PcCountTracker -> RISCV/params/PcCountTracker.hh
 [SO Param] m5.objects.BranchPredictor, TAGE_SC_L_8KB_StatisticalCorrector -> RISCV/params/TAGE_SC_L_8KB_StatisticalCorrector.hh
 [SO Param] m5.objects.BranchPredictor, IndirectPredictor -> RISCV/python/_m5/param_IndirectPredictor.cc
 [SO Param] m5.objects.RiscvInterrupts, RiscvInterrupts -> RISCV/python/_m5/param_RiscvInterrupts.cc
 [SO Param] m5.objects.Process, Process -> RISCV/params/Process.hh
 [SO Param] m5.objects.CPUTracers, ExeTracer -> RISCV/python/_m5/param_ExeTracer.cc
 [SO Param] m5.objects.LupioBLK, LupioBLK -> RISCV/python/_m5/param_LupioBLK.cc
 [SO Param] m5.objects.BaseAtomicSimpleCPU, BaseAtomicSimpleCPU -> RISCV/params/BaseAtomicSimpleCPU.hh
 [SO Param] m5.objects.BranchPredictor, MPP_StatisticalCorrector_64KB -> RISCV/python/_m5/param_MPP_StatisticalCorrector_64KB.cc
 [SO Param] m5.objects.BaseSemihosting, BaseSemihosting -> RISCV/python/_m5/param_BaseSemihosting.cc
 [SO Param] m5.objects.BranchPredictor, StatisticalCorrector -> RISCV/python/_m5/param_StatisticalCorrector.cc
 [SO Param] m5.objects.BranchPredictor, TAGEBase -> RISCV/python/_m5/param_TAGEBase.cc
 [ENUMDECL] m5.objects.BaseO3CPU, SMTFetchPolicy -> RISCV/enums/SMTFetchPolicy.hh
 [ENUMDECL] m5.objects.RiscvISA, RiscvType -> RISCV/enums/RiscvType.hh
 [SO Param] m5.objects.Workload, Workload -> RISCV/params/Workload.hh
 [SO Param] m5.objects.PMAChecker, PMAChecker -> RISCV/python/_m5/param_PMAChecker.cc
 [SO Param] m5.objects.RubyDirectedTester, RubyDirectedTester -> RISCV/params/RubyDirectedTester.hh
 [SO Param] m5.objects.BloomFilters, BloomFilterMulti -> RISCV/params/BloomFilterMulti.hh
 [SO Param] m5.objects.TimingExpr, TimingExprIf -> RISCV/python/_m5/param_TimingExprIf.cc
 [SO Param] m5.objects.I2C, I2CDevice -> RISCV/python/_m5/param_I2CDevice.cc
 [SO Param] m5.objects.BranchPredictor, LTAGE -> RISCV/params/LTAGE.hh
 [ENUM STR] m5.objects.BaseTrafficGen, StreamGenType -> RISCV/enums/StreamGenType.cc
 [SO Param] m5.objects.BranchPredictor, IndirectPredictor -> RISCV/params/IndirectPredictor.hh
 [SO Param] m5.objects.BranchPredictor, BranchPredictor -> RISCV/params/BranchPredictor.hh
 [SO Param] m5.objects.RiscvInterrupts, RiscvInterrupts -> RISCV/params/RiscvInterrupts.hh
 [SO Param] m5.objects.SimPoint, SimPoint -> RISCV/python/_m5/param_SimPoint.cc
 [ENUM STR] m5.objects.FuncUnit, OpClass -> RISCV/enums/OpClass.cc
 [SO Param] m5.objects.BloomFilters, BloomFilterMultiBitSel -> RISCV/python/_m5/param_BloomFilterMultiBitSel.cc
 [SO Param] m5.objects.LupioBLK, LupioBLK -> RISCV/params/LupioBLK.hh
 [ TRACING]  -> RISCV/debug/LupioBLK.hh
 [SO Param] m5.objects.DiskImage, CowDiskImage -> RISCV/params/CowDiskImage.hh
 [SO Param] m5.objects.DiskImage, DiskImage -> RISCV/params/DiskImage.hh
 [SO Param] m5.objects.DiskImage, RawDiskImage -> RISCV/params/RawDiskImage.hh
 [SO Param] m5.objects.CPUTracers, ExeTracer -> RISCV/params/ExeTracer.hh
 [SO Param] m5.objects.BaseTLB, BaseTLB -> RISCV/params/BaseTLB.hh
 [SO Param] m5.objects.BranchPredictor, MPP_StatisticalCorrector_64KB -> RISCV/params/MPP_StatisticalCorrector_64KB.hh
 [SO Param] m5.objects.BaseSemihosting, BaseSemihosting -> RISCV/params/BaseSemihosting.hh
 [SO Param] m5.objects.BranchPredictor, TAGE_SC_L_TAGE -> RISCV/python/_m5/param_TAGE_SC_L_TAGE.cc
 [SO Param] m5.objects.BranchPredictor, TAGEBase -> RISCV/params/TAGEBase.hh
 [SO Param] m5.objects.BranchPredictor, StatisticalCorrector -> RISCV/params/StatisticalCorrector.hh
 [SO Param] m5.objects.PMAChecker, PMAChecker -> RISCV/params/PMAChecker.hh
 [SO Param] m5.objects.BranchPredictor, TAGE_SC_L_8KB_StatisticalCorrector -> RISCV/python/_m5/param_TAGE_SC_L_8KB_StatisticalCorrector.cc
 [SO Param] m5.objects.LupioRTC, LupioRTC -> RISCV/python/_m5/param_LupioRTC.cc
 [SO Param] m5.objects.Device, DmaDevice -> RISCV/python/_m5/param_DmaDevice.cc
 [SO Param] m5.objects.BaseMinorCPU, MinorOpClassSet -> RISCV/python/_m5/param_MinorOpClassSet.cc
 [SO Param] m5.objects.TimingExpr, TimingExprIf -> RISCV/params/TimingExprIf.hh
 [SO Param] m5.objects.BaseInterrupts, BaseInterrupts -> RISCV/python/_m5/param_BaseInterrupts.cc
 [SO Param] m5.objects.I2C, I2CDevice -> RISCV/params/I2CDevice.hh
 [SO Param] m5.objects.BranchPredictor, MPP_LoopPredictor -> RISCV/python/_m5/param_MPP_LoopPredictor.cc
 [ENUMDECL] m5.objects.SimObject, ByteOrder -> RISCV/enums/ByteOrder.hh
 [SO Param] m5.objects.BranchPredictor, LocalBP -> RISCV/python/_m5/param_LocalBP.cc
 [SO Param] m5.objects.Device, BasicPioDevice -> RISCV/python/_m5/param_BasicPioDevice.cc
 [SO Param] m5.objects.SimPoint, SimPoint -> RISCV/params/SimPoint.hh
 [ENUMDECL] m5.objects.FuncUnit, OpClass -> RISCV/enums/OpClass.hh
 [SO Param] m5.objects.BloomFilters, BloomFilterMultiBitSel -> RISCV/params/BloomFilterMultiBitSel.hh
 [SO Param] m5.objects.BranchPredictor, MultiperspectivePerceptronTAGE8KB -> RISCV/python/_m5/param_MultiperspectivePerceptronTAGE8KB.cc
 [SO Param] m5.objects.TimingExpr, TimingExprRef -> RISCV/python/_m5/param_TimingExprRef.cc
 [SO Param] m5.objects.BranchPredictor, TAGE_SC_L_TAGE -> RISCV/params/TAGE_SC_L_TAGE.hh
 [SO Param] m5.objects.FUPool, FUPool -> RISCV/python/_m5/param_FUPool.cc
 [SO Param] m5.objects.Root, Root -> RISCV/params/Root.hh
 [SO Param] m5.objects.LupioRTC, LupioRTC -> RISCV/params/LupioRTC.hh
 [ TRACING]  -> RISCV/debug/LupioRTC.hh
 [SO Param] m5.objects.ClockDomain, SrcClockDomain -> RISCV/params/SrcClockDomain.hh
 [SO Param] m5.objects.BaseMMU, BaseMMU -> RISCV/params/BaseMMU.hh
 [ENUM STR] m5.objects.BaseTLB, TypeTLB -> RISCV/enums/TypeTLB.cc
 [SO Param] m5.objects.RiscvFsWorkload, RiscvLinux -> RISCV/python/_m5/param_RiscvLinux.cc
 [SO Param] m5.objects.Device, DmaDevice -> RISCV/params/DmaDevice.hh
 [SO Param] m5.objects.BaseO3Checker, BaseO3Checker -> RISCV/python/_m5/param_BaseO3Checker.cc
 [SO Param] m5.objects.CheckerCPU, CheckerCPU -> RISCV/python/_m5/param_CheckerCPU.cc
 [SO Param] m5.objects.BaseMinorCPU, MinorOpClassSet -> RISCV/params/MinorOpClassSet.hh
 [SO Param] m5.objects.LupioSYS, LupioSYS -> RISCV/python/_m5/param_LupioSYS.cc
 [ TRACING]  -> RISCV/debug/LupioBLK.cc
 [ TRACING]  -> RISCV/debug/LupioIPI.cc
 [ TRACING]  -> RISCV/debug/LupioPIC.cc
 [ TRACING]  -> RISCV/debug/LupioRNG.cc
 [ TRACING]  -> RISCV/debug/LupioRTC.cc
 [ TRACING]  -> RISCV/debug/LupioTMR.cc
 [ TRACING]  -> RISCV/debug/LupioTTY.cc
 [ TRACING]  -> RISCV/debug/LupioSYS.cc
 [ TRACING]  -> RISCV/debug/LupioIPI.hh
 [ TRACING]  -> RISCV/debug/LupioPIC.hh
 [ TRACING]  -> RISCV/debug/LupioTMR.hh
 [ TRACING]  -> RISCV/debug/LupioTTY.hh
 [SO Param] m5.objects.Serial, SerialDevice -> RISCV/params/SerialDevice.hh
 [ TRACING]  -> RISCV/debug/LupioSYS.hh
 [SO Param] m5.objects.LupioSYS, LupioSYS -> RISCV/params/LupioSYS.hh
 [     CXX] RISCV/dev/net/Ethernet.py.cc -> .o
 [SO Param] m5.objects.Ethernet, EtherLink -> RISCV/python/_m5/param_EtherLink.cc
 [SO Param] m5.objects.Ethernet, DistEtherLink -> RISCV/python/_m5/param_DistEtherLink.cc
 [SO Param] m5.objects.BaseO3Checker, BaseO3Checker -> RISCV/params/BaseO3Checker.hh
 [SO Param] m5.objects.Ethernet, EtherBus -> RISCV/python/_m5/param_EtherBus.cc
 [SO Param] m5.objects.Ethernet, EtherSwitch -> RISCV/python/_m5/param_EtherSwitch.cc
 [SO Param] m5.objects.Ethernet, EtherTapBase -> RISCV/python/_m5/param_EtherTapBase.cc
 [SO Param] m5.objects.Ethernet, EtherTapStub -> RISCV/python/_m5/param_EtherTapStub.cc
 [SO Param] m5.objects.Ethernet, EtherDump -> RISCV/python/_m5/param_EtherDump.cc
 [SO Param] m5.objects.Ethernet, EtherDevice -> RISCV/python/_m5/param_EtherDevice.cc
 [     CXX] RISCV/python/_m5/param_InvalidateGenerator.cc -> .o
 [     CXX] src/cpu/testers/directedtest/InvalidateGenerator.cc -> RISCV/cpu/testers/directedtest/InvalidateGenerator.o
 [     CXX] RISCV/python/_m5/param_SeriesRequestGenerator.cc -> .o
 [     CXX] src/cpu/testers/directedtest/SeriesRequestGenerator.cc -> RISCV/cpu/testers/directedtest/SeriesRequestGenerator.o
 [     CXX] src/arch/riscv/remote_gdb.cc -> RISCV/arch/riscv/remote_gdb.o
 [     CXX] RISCV/arch/riscv/generated/generic_cpu_exec.cc -> .o
 [SO Param] m5.objects.Ethernet, EtherDevice -> RISCV/params/EtherDevice.hh
 [SO Param] m5.objects.Ethernet, EtherDevBase -> RISCV/params/EtherDevBase.hh
 [SO Param] m5.objects.PciDevice, PciBar -> RISCV/params/PciBar.hh
 [SO Param] m5.objects.PciDevice, PciBarNone -> RISCV/params/PciBarNone.hh
 [SO Param] m5.objects.PciDevice, PciDevice -> RISCV/params/PciDevice.hh
 [SO Param] m5.objects.PciDevice, PciIoBar -> RISCV/params/PciIoBar.hh
 [SO Param] m5.objects.PciDevice, PciLegacyIoBar -> RISCV/params/PciLegacyIoBar.hh
 [SO Param] m5.objects.PciDevice, PciMemBar -> RISCV/params/PciMemBar.hh
 [SO Param] m5.objects.PciDevice, PciMemUpperBar -> RISCV/params/PciMemUpperBar.hh
 [SO Param] m5.objects.Ethernet, EtherBus -> RISCV/params/EtherBus.hh
 [SO Param] m5.objects.Ethernet, EtherDump -> RISCV/params/EtherDump.hh
 [SO Param] m5.objects.Ethernet, EtherTapBase -> RISCV/params/EtherTapBase.hh
 [CONFIG H] HAVE_TUNTAP, 1 -> RISCV/config/have_tuntap.hh
 [SO Param] m5.objects.Ethernet, EtherTap -> RISCV/params/EtherTap.hh
 [SO Param] m5.objects.Ethernet, EtherTapStub -> RISCV/params/EtherTapStub.hh
 [SO Param] m5.objects.Ethernet, EtherSwitch -> RISCV/params/EtherSwitch.hh
 [SO Param] m5.objects.Ethernet, EtherLink -> RISCV/params/EtherLink.hh
 [SO Param] m5.objects.Ethernet, DistEtherLink -> RISCV/params/DistEtherLink.hh
 [SO Param] m5.objects.PciHost, PciHost -> RISCV/params/PciHost.hh
 [     CXX] RISCV/arch/riscv/generated/inst-constrs.cc -> .o
 [     CXX] src/cpu/testers/rubytest/CheckTable.cc -> RISCV/cpu/testers/rubytest/CheckTable.o
 [     CXX] RISCV/arch/riscv/generated/decoder.cc -> .o
 [     CXX] src/cpu/testers/rubytest/Check.cc -> RISCV/cpu/testers/rubytest/Check.o
 [     CXX] src/cpu/testers/rubytest/RubyTester.cc -> RISCV/cpu/testers/rubytest/RubyTester.o
 [SO Param] m5.objects.Ethernet, IGbE -> RISCV/python/_m5/param_IGbE.cc
 [SO Param] m5.objects.Ethernet, EtherDevBase -> RISCV/python/_m5/param_EtherDevBase.cc
 [SO Param] m5.objects.Ethernet, NSGigE -> RISCV/python/_m5/param_NSGigE.cc
 [SO Param] m5.objects.Ethernet, Sinic -> RISCV/python/_m5/param_Sinic.cc
 [SO Param] m5.objects.Ethernet, EtherTap -> RISCV/python/_m5/param_EtherTap.cc
 [ TRACING]  -> RISCV/debug/Ethernet.hh
 [ TRACING]  -> RISCV/debug/EthernetData.hh
 [ TRACING]  -> RISCV/debug/EthernetAll.hh
 [ TRACING]  -> RISCV/debug/Ethernet.cc
 [ TRACING]  -> RISCV/debug/EthernetCksum.cc
 [ TRACING]  -> RISCV/debug/EthernetCksum.hh
 [ TRACING]  -> RISCV/debug/EthernetDMA.hh
 [ TRACING]  -> RISCV/debug/EthernetDesc.hh
 [ TRACING]  -> RISCV/debug/EthernetEEPROM.hh
 [ TRACING]  -> RISCV/debug/EthernetIntr.hh
 [SO Param] m5.objects.Ethernet, NSGigE -> RISCV/params/NSGigE.hh
 [ TRACING]  -> RISCV/debug/EthernetPIO.hh
 [SO Param] m5.objects.Ethernet, IGbE -> RISCV/params/IGbE.hh
 [SO Param] m5.objects.Ethernet, Sinic -> RISCV/params/Sinic.hh
 [ TRACING]  -> RISCV/debug/EthernetSM.hh
 [ TRACING]  -> RISCV/debug/EthernetDMA.cc
 [ TRACING]  -> RISCV/debug/EthernetData.cc
 [ TRACING]  -> RISCV/debug/EthernetDesc.cc
 [ TRACING]  -> RISCV/debug/EthernetEEPROM.cc
 [ TRACING]  -> RISCV/debug/EthernetIntr.cc
 [ TRACING]  -> RISCV/debug/EthernetPIO.cc
 [ TRACING]  -> RISCV/debug/EthernetSM.cc
 [ TRACING]  -> RISCV/debug/DistEthernet.hh
 [ TRACING]  -> RISCV/debug/DistEthernetPkt.hh
 [ TRACING]  -> RISCV/debug/DistEthernetCmd.hh
 [ TRACING]  -> RISCV/debug/DistEthernet.cc
 [ TRACING]  -> RISCV/debug/DistEthernetPkt.cc
 [ TRACING]  -> RISCV/debug/DistEthernetCmd.cc
 [ TRACING]  -> RISCV/debug/EthernetAll.cc
 [ TRACING]  -> RISCV/debug/EthernetNoData.cc
 [     CXX] RISCV/dev/pci/PciDevice.py.cc -> .o
 [SO Param] m5.objects.PciDevice, PciBar -> RISCV/python/_m5/param_PciBar.cc
 [SO Param] m5.objects.PciDevice, PciBarNone -> RISCV/python/_m5/param_PciBarNone.cc
 [SO Param] m5.objects.PciDevice, PciIoBar -> RISCV/python/_m5/param_PciIoBar.cc
 [SO Param] m5.objects.PciDevice, PciLegacyIoBar -> RISCV/python/_m5/param_PciLegacyIoBar.cc
 [ TRACING]  -> RISCV/debug/EthernetNoData.hh
 [SO Param] m5.objects.PciDevice, PciMemBar -> RISCV/python/_m5/param_PciMemBar.cc
 [SO Param] m5.objects.PciDevice, PciMemUpperBar -> RISCV/python/_m5/param_PciMemUpperBar.cc
 [SO Param] m5.objects.PciDevice, PciDevice -> RISCV/python/_m5/param_PciDevice.cc
 [ TRACING]  -> RISCV/debug/PciDevice.hh
 [ TRACING]  -> RISCV/debug/PciDevice.cc
 [     CXX] RISCV/dev/pci/PciHost.py.cc -> .o
 [SO Param] m5.objects.PciHost, PciHost -> RISCV/python/_m5/param_PciHost.cc
 [SO Param] m5.objects.PciHost, GenericPciHost -> RISCV/python/_m5/param_GenericPciHost.cc
 [ TRACING]  -> RISCV/debug/PciHost.hh
 [SO Param] m5.objects.PciHost, GenericPciHost -> RISCV/params/GenericPciHost.hh
 [ TRACING]  -> RISCV/debug/PciHost.cc
 [     CXX] RISCV/dev/pci/CopyEngine.py.cc -> .o
 [SO Param] m5.objects.CopyEngine, CopyEngine -> RISCV/python/_m5/param_CopyEngine.cc
 [ TRACING]  -> RISCV/debug/DMACopyEngine.hh
 [SO Param] m5.objects.CopyEngine, CopyEngine -> RISCV/params/CopyEngine.hh
 [ TRACING]  -> RISCV/debug/DMACopyEngine.cc
 [     CXX] RISCV/dev/ps2/PS2.py.cc -> .o
 [SO Param] m5.objects.PS2, PS2Device -> RISCV/python/_m5/param_PS2Device.cc
 [SO Param] m5.objects.PS2, PS2Keyboard -> RISCV/python/_m5/param_PS2Keyboard.cc
 [SO Param] m5.objects.PS2, PS2Mouse -> RISCV/python/_m5/param_PS2Mouse.cc
 [SO Param] m5.objects.PS2, PS2TouchKit -> RISCV/python/_m5/param_PS2TouchKit.cc
 [SO Param] m5.objects.PS2, PS2Keyboard -> RISCV/params/PS2Keyboard.hh
 [SO Param] m5.objects.PS2, PS2Device -> RISCV/params/PS2Device.hh
 [SO Param] m5.objects.PS2, PS2Mouse -> RISCV/params/PS2Mouse.hh
 [SO Param] m5.objects.PS2, PS2TouchKit -> RISCV/params/PS2TouchKit.hh
 [ TRACING]  -> RISCV/debug/PS2.hh
 [ TRACING]  -> RISCV/debug/PS2.cc
 [     CXX] RISCV/dev/qemu/QemuFwCfg.py.cc -> .o
 [SO Param] m5.objects.QemuFwCfg, QemuFwCfgItem -> RISCV/python/_m5/param_QemuFwCfgItem.cc
 [SO Param] m5.objects.QemuFwCfg, QemuFwCfgItemBytes -> RISCV/python/_m5/param_QemuFwCfgItemBytes.cc
 [SO Param] m5.objects.QemuFwCfg, QemuFwCfgItemFile -> RISCV/python/_m5/param_QemuFwCfgItemFile.cc
 [SO Param] m5.objects.QemuFwCfg, QemuFwCfgItemString -> RISCV/python/_m5/param_QemuFwCfgItemString.cc
 [SO Param] m5.objects.QemuFwCfg, QemuFwCfg -> RISCV/python/_m5/param_QemuFwCfg.cc
 [SO Param] m5.objects.QemuFwCfg, QemuFwCfgItemBytes -> RISCV/params/QemuFwCfgItemBytes.hh
 [SO Param] m5.objects.QemuFwCfg, QemuFwCfgItem -> RISCV/params/QemuFwCfgItem.hh
 [SO Param] m5.objects.QemuFwCfg, QemuFwCfgItemString -> RISCV/params/QemuFwCfgItemString.hh
 [SO Param] m5.objects.QemuFwCfg, QemuFwCfgItemFile -> RISCV/params/QemuFwCfgItemFile.hh
 [SO Param] m5.objects.QemuFwCfg, QemuFwCfg -> RISCV/params/QemuFwCfg.hh
 [SO Param] m5.objects.QemuFwCfg, QemuFwCfgIo -> RISCV/params/QemuFwCfgIo.hh
 [SO Param] m5.objects.QemuFwCfg, QemuFwCfgMmio -> RISCV/params/QemuFwCfgMmio.hh
 [SO Param] m5.objects.QemuFwCfg, QemuFwCfgIo -> RISCV/python/_m5/param_QemuFwCfgIo.cc
 [SO Param] m5.objects.QemuFwCfg, QemuFwCfgMmio -> RISCV/python/_m5/param_QemuFwCfgMmio.cc
 [ TRACING]  -> RISCV/debug/QemuFwCfg.hh
 [ TRACING]  -> RISCV/debug/QemuFwCfgVerbose.hh
 [ TRACING]  -> RISCV/debug/QemuFwCfg.cc
 [ TRACING]  -> RISCV/debug/QemuFwCfgVerbose.cc
 [     CXX] RISCV/dev/riscv/HiFive.py.cc -> .o
 [SO Param] m5.objects.HiFive, HiFiveBase -> RISCV/python/_m5/param_HiFiveBase.cc
 [SO Param] m5.objects.HiFive, GenericRiscvPciHost -> RISCV/python/_m5/param_GenericRiscvPciHost.cc
 [     CXX] RISCV/dev/riscv/LupV.py.cc -> .o
 [SO Param] m5.objects.LupV, LupV -> RISCV/python/_m5/param_LupV.cc
 [     CXX] RISCV/dev/riscv/Clint.py.cc -> .o
 [SO Param] m5.objects.HiFive, GenericRiscvPciHost -> RISCV/params/GenericRiscvPciHost.hh
 [SO Param] m5.objects.HiFive, HiFiveBase -> RISCV/params/HiFiveBase.hh
 [SO Param] m5.objects.LupV, LupV -> RISCV/params/LupV.hh
 [SO Param] m5.objects.Clint, Clint -> RISCV/params/Clint.hh
 [SO Param] m5.objects.Plic, Plic -> RISCV/params/Plic.hh
 [SO Param] m5.objects.Plic, PlicBase -> RISCV/params/PlicBase.hh
 [SO Param] m5.objects.Clint, Clint -> RISCV/python/_m5/param_Clint.cc
 [     CXX] RISCV/dev/riscv/PlicDevice.py.cc -> .o
 [SO Param] m5.objects.PlicDevice, PlicIntDevice -> RISCV/python/_m5/param_PlicIntDevice.cc
 [     CXX] RISCV/dev/riscv/Plic.py.cc -> .o
 [SO Param] m5.objects.Plic, PlicBase -> RISCV/python/_m5/param_PlicBase.cc
 [SO Param] m5.objects.Plic, Plic -> RISCV/python/_m5/param_Plic.cc
 [SO Param] m5.objects.PlicDevice, PlicIntDevice -> RISCV/params/PlicIntDevice.hh
 [     CXX] RISCV/dev/riscv/RTC.py.cc -> .o
 [SO Param] m5.objects.RTC, RiscvRTC -> RISCV/python/_m5/param_RiscvRTC.cc
 [     CXX] RISCV/dev/riscv/RiscvVirtIOMMIO.py.cc -> .o
 [SO Param] m5.objects.RiscvVirtIOMMIO, RiscvMmioVirtIO -> RISCV/python/_m5/param_RiscvMmioVirtIO.cc
 [SO Param] m5.objects.RTC, RiscvRTC -> RISCV/params/RiscvRTC.hh
 [SO Param] m5.objects.RiscvVirtIOMMIO, RiscvMmioVirtIO -> RISCV/params/RiscvMmioVirtIO.hh
 [ TRACING]  -> RISCV/debug/Clint.cc
 [ TRACING]  -> RISCV/debug/Clint.hh
 [SO Param] m5.objects.VirtIO, VirtIODeviceBase -> RISCV/params/VirtIODeviceBase.hh
 [ TRACING]  -> RISCV/debug/Plic.cc
 [ TRACING]  -> RISCV/debug/Plic.hh
 [ TRACING]  -> RISCV/debug/VirtIOMMIO.cc
 [ TRACING]  -> RISCV/debug/VirtIOMMIO.hh
 [     CXX] RISCV/dev/serial/Serial.py.cc -> .o
 [SO Param] m5.objects.Serial, SerialDevice -> RISCV/python/_m5/param_SerialDevice.cc
 [SO Param] m5.objects.Serial, SerialNullDevice -> RISCV/python/_m5/param_SerialNullDevice.cc
 [     CXX] RISCV/dev/serial/Terminal.py.cc -> .o
 [SO Param] m5.objects.Serial, SerialNullDevice -> RISCV/params/SerialNullDevice.hh
 [SO Param] m5.objects.Terminal, Terminal -> RISCV/python/_m5/param_Terminal.cc
 [ENUM STR] m5.objects.Terminal, TerminalDump -> RISCV/enums/TerminalDump.cc
 [     CXX] RISCV/dev/serial/Uart.py.cc -> .o
 [SO Param] m5.objects.Uart, Uart -> RISCV/python/_m5/param_Uart.cc
 [ENUMDECL] m5.objects.Terminal, TerminalDump -> RISCV/enums/TerminalDump.hh
 [SO Param] m5.objects.Terminal, Terminal -> RISCV/params/Terminal.hh
 [SO Param] m5.objects.Uart, SimpleUart -> RISCV/python/_m5/param_SimpleUart.cc
 [SO Param] m5.objects.Uart, Uart8250 -> RISCV/python/_m5/param_Uart8250.cc
 [SO Param] m5.objects.Uart, Uart -> RISCV/params/Uart.hh
 [SO Param] m5.objects.Uart, SimpleUart -> RISCV/params/SimpleUart.hh
 [ TRACING]  -> RISCV/debug/Terminal.hh
 [ TRACING]  -> RISCV/debug/TerminalVerbose.hh
 [SO Param] m5.objects.Uart, Uart8250 -> RISCV/params/Uart8250.hh
 [ TRACING]  -> RISCV/debug/Uart.hh
 [ TRACING]  -> RISCV/debug/Terminal.cc
 [ TRACING]  -> RISCV/debug/TerminalVerbose.cc
 [ TRACING]  -> RISCV/debug/Uart.cc
 [     CXX] RISCV/dev/storage/Ide.py.cc -> .o
 [SO Param] m5.objects.Ide, IdeDisk -> RISCV/python/_m5/param_IdeDisk.cc
 [SO Param] m5.objects.Ide, IdeController -> RISCV/python/_m5/param_IdeController.cc
 [ENUM STR] m5.objects.Ide, IdeID -> RISCV/enums/IdeID.cc
 [ TRACING]  -> RISCV/debug/IdeCtrl.hh
 [SO Param] m5.objects.Ide, IdeController -> RISCV/params/IdeController.hh
 [SO Param] m5.objects.Ide, IdeDisk -> RISCV/params/IdeDisk.hh
 [ TRACING]  -> RISCV/debug/IdeDisk.hh
 [ENUMDECL] m5.objects.Ide, IdeID -> RISCV/enums/IdeID.hh
 [ TRACING]  -> RISCV/debug/IdeCtrl.cc
 [ TRACING]  -> RISCV/debug/IdeDisk.cc
 [     CXX] RISCV/dev/storage/DiskImage.py.cc -> .o
 [SO Param] m5.objects.DiskImage, DiskImage -> RISCV/python/_m5/param_DiskImage.cc
 [SO Param] m5.objects.DiskImage, RawDiskImage -> RISCV/python/_m5/param_RawDiskImage.cc
 [SO Param] m5.objects.DiskImage, CowDiskImage -> RISCV/python/_m5/param_CowDiskImage.cc
 [     CXX] RISCV/dev/storage/SimpleDisk.py.cc -> .o
 [SO Param] m5.objects.SimpleDisk, SimpleDisk -> RISCV/python/_m5/param_SimpleDisk.cc
 [ TRACING]  -> RISCV/debug/DiskImageRead.hh
 [ TRACING]  -> RISCV/debug/DiskImageWrite.hh
 [ TRACING]  -> RISCV/debug/SimpleDisk.hh
 [ TRACING]  -> RISCV/debug/SimpleDiskData.hh
 [SO Param] m5.objects.SimpleDisk, SimpleDisk -> RISCV/params/SimpleDisk.hh
 [ TRACING]  -> RISCV/debug/DiskImageRead.cc
 [ TRACING]  -> RISCV/debug/DiskImageWrite.cc
 [ TRACING]  -> RISCV/debug/SimpleDisk.cc
 [ TRACING]  -> RISCV/debug/SimpleDiskData.cc
 [ TRACING]  -> RISCV/debug/DiskImageAll.cc
 [ TRACING]  -> RISCV/debug/IdeAll.cc
 [     CXX] RISCV/dev/virtio/VirtIO.py.cc -> .o
 [SO Param] m5.objects.VirtIO, VirtIODeviceBase -> RISCV/python/_m5/param_VirtIODeviceBase.cc
 [SO Param] m5.objects.VirtIO, VirtIODummyDevice -> RISCV/python/_m5/param_VirtIODummyDevice.cc
 [ TRACING]  -> RISCV/debug/DiskImageAll.hh
 [ TRACING]  -> RISCV/debug/IdeAll.hh
 [SO Param] m5.objects.VirtIO, PciVirtIO -> RISCV/python/_m5/param_PciVirtIO.cc
 [     CXX] RISCV/dev/virtio/VirtIOConsole.py.cc -> .o
 [SO Param] m5.objects.VirtIOConsole, VirtIOConsole -> RISCV/python/_m5/param_VirtIOConsole.cc
 [     CXX] RISCV/dev/virtio/VirtIOBlock.py.cc -> .o
 [SO Param] m5.objects.VirtIOBlock, VirtIOBlock -> RISCV/python/_m5/param_VirtIOBlock.cc
 [SO Param] m5.objects.VirtIO, VirtIODummyDevice -> RISCV/params/VirtIODummyDevice.hh
 [SO Param] m5.objects.VirtIO, PciVirtIO -> RISCV/params/PciVirtIO.hh
 [SO Param] m5.objects.VirtIOConsole, VirtIOConsole -> RISCV/params/VirtIOConsole.hh
 [SO Param] m5.objects.VirtIOBlock, VirtIOBlock -> RISCV/params/VirtIOBlock.hh
 [     CXX] RISCV/dev/virtio/VirtIORng.py.cc -> .o
 [SO Param] m5.objects.VirtIORng, VirtIORng -> RISCV/python/_m5/param_VirtIORng.cc
 [     CXX] RISCV/dev/virtio/VirtIO9P.py.cc -> .o
 [SO Param] m5.objects.VirtIO9P, VirtIO9PBase -> RISCV/python/_m5/param_VirtIO9PBase.cc
 [SO Param] m5.objects.VirtIO9P, VirtIO9PProxy -> RISCV/python/_m5/param_VirtIO9PProxy.cc
 [SO Param] m5.objects.VirtIO9P, VirtIO9PDiod -> RISCV/python/_m5/param_VirtIO9PDiod.cc
 [SO Param] m5.objects.VirtIORng, VirtIORng -> RISCV/params/VirtIORng.hh
 [SO Param] m5.objects.VirtIO9P, VirtIO9PBase -> RISCV/params/VirtIO9PBase.hh
 [SO Param] m5.objects.VirtIO9P, VirtIO9PProxy -> RISCV/params/VirtIO9PProxy.hh
 [SO Param] m5.objects.VirtIO9P, VirtIO9PDiod -> RISCV/params/VirtIO9PDiod.hh
 [SO Param] m5.objects.VirtIO9P, VirtIO9PSocket -> RISCV/python/_m5/param_VirtIO9PSocket.cc
 [ TRACING]  -> RISCV/debug/VIO.hh
 [ TRACING]  -> RISCV/debug/VIOIface.hh
 [ TRACING]  -> RISCV/debug/VIOConsole.hh
 [ TRACING]  -> RISCV/debug/VIOBlock.hh
 [ TRACING]  -> RISCV/debug/VIO9P.hh
 [SO Param] m5.objects.VirtIO9P, VirtIO9PSocket -> RISCV/params/VirtIO9PSocket.hh
 [ TRACING]  -> RISCV/debug/VIO9PData.hh
 [ TRACING]  -> RISCV/debug/VIORng.hh
 [ TRACING]  -> RISCV/debug/VIO.cc
 [ TRACING]  -> RISCV/debug/VIORng.cc
 [ TRACING]  -> RISCV/debug/VIOIface.cc
 [ TRACING]  -> RISCV/debug/VIOConsole.cc
 [ TRACING]  -> RISCV/debug/VIOBlock.cc
 [ TRACING]  -> RISCV/debug/VIO9P.cc
 [ TRACING]  -> RISCV/debug/VIO9PData.cc
 [ TRACING]  -> RISCV/debug/DebugPrintf.cc
 [ TRACING]  -> RISCV/debug/Printf.cc
 [     CXX] RISCV/learning_gem5/part2/SimpleObject.py.cc -> .o
 [SO Param] m5.objects.SimpleObject, SimpleObject -> RISCV/python/_m5/param_SimpleObject.cc
 [     CXX] RISCV/learning_gem5/part2/HelloObject.py.cc -> .o
 [SO Param] m5.objects.HelloObject, HelloObject -> RISCV/python/_m5/param_HelloObject.cc
 [ TRACING]  -> RISCV/debug/Printf.hh
 [SO Param] m5.objects.HelloObject, GoodbyeObject -> RISCV/python/_m5/param_GoodbyeObject.cc
 [     CXX] RISCV/learning_gem5/part2/SimpleMemobj.py.cc -> .o
 [SO Param] m5.objects.SimpleObject, SimpleObject -> RISCV/params/SimpleObject.hh
 [SO Param] m5.objects.HelloObject, HelloObject -> RISCV/params/HelloObject.hh
 [SO Param] m5.objects.HelloObject, GoodbyeObject -> RISCV/params/GoodbyeObject.hh
 [SO Param] m5.objects.SimpleMemobj, SimpleMemobj -> RISCV/python/_m5/param_SimpleMemobj.cc
 [     CXX] RISCV/learning_gem5/part2/SimpleCache.py.cc -> .o
 [SO Param] m5.objects.SimpleCache, SimpleCache -> RISCV/python/_m5/param_SimpleCache.cc
 [ TRACING]  -> RISCV/debug/HelloExample.hh
 [ TRACING]  -> RISCV/debug/SimpleMemobj.hh
 [SO Param] m5.objects.SimpleMemobj, SimpleMemobj -> RISCV/params/SimpleMemobj.hh
 [ TRACING]  -> RISCV/debug/SimpleCache.hh
 [SO Param] m5.objects.SimpleCache, SimpleCache -> RISCV/params/SimpleCache.hh
 [ TRACING]  -> RISCV/debug/HelloExample.cc
 [ TRACING]  -> RISCV/debug/SimpleMemobj.cc
 [ TRACING]  -> RISCV/debug/SimpleCache.cc
 [     CXX] RISCV/mem/CommMonitor.py.cc -> .o
 [SO Param] m5.objects.CommMonitor, CommMonitor -> RISCV/python/_m5/param_CommMonitor.cc
 [ TRACING]  -> RISCV/debug/CommMonitor.hh
 [SO Param] m5.objects.CommMonitor, CommMonitor -> RISCV/params/CommMonitor.hh
 [     CXX] RISCV/mem/AbstractMemory.py.cc -> .o
 [SO Param] m5.objects.AbstractMemory, AbstractMemory -> RISCV/python/_m5/param_AbstractMemory.cc
 [     CXX] RISCV/mem/AddrMapper.py.cc -> .o
 [SO Param] m5.objects.AddrMapper, AddrMapper -> RISCV/python/_m5/param_AddrMapper.cc
 [SO Param] m5.objects.AddrMapper, RangeAddrMapper -> RISCV/python/_m5/param_RangeAddrMapper.cc
 [SO Param] m5.objects.AddrMapper, AddrMapper -> RISCV/params/AddrMapper.hh
 [SO Param] m5.objects.AddrMapper, RangeAddrMapper -> RISCV/params/RangeAddrMapper.hh
 [     CXX] RISCV/mem/Bridge.py.cc -> .o
 [SO Param] m5.objects.Bridge, Bridge -> RISCV/python/_m5/param_Bridge.cc
 [SO Param] m5.objects.Bridge, Bridge -> RISCV/params/Bridge.hh
 [     CXX] RISCV/mem/SysBridge.py.cc -> .o
 [SO Param] m5.objects.SysBridge, SysBridge -> RISCV/python/_m5/param_SysBridge.cc
 [ TRACING]  -> RISCV/debug/SysBridge.cc
 [     CXX] RISCV/mem/MemCtrl.py.cc -> .o
 [ TRACING]  -> RISCV/debug/SysBridge.hh
 [SO Param] m5.objects.SysBridge, SysBridge -> RISCV/params/SysBridge.hh
 [SO Param] m5.objects.MemCtrl, MemCtrl -> RISCV/python/_m5/param_MemCtrl.cc
 [ENUM STR] m5.objects.MemCtrl, MemSched -> RISCV/enums/MemSched.cc
 [ENUMDECL] m5.objects.MemCtrl, MemSched -> RISCV/enums/MemSched.hh
 [SO Param] m5.objects.MemCtrl, MemCtrl -> RISCV/params/MemCtrl.hh
 [ENUMDECL] m5.objects.DRAMInterface, PageManage -> RISCV/enums/PageManage.hh
 [SO Param] m5.objects.MemInterface, MemInterface -> RISCV/params/MemInterface.hh
 [ TRACING]  -> RISCV/debug/QOS.hh
 [SO Param] m5.objects.QoSMemCtrl, QoSMemCtrl -> RISCV/params/QoSMemCtrl.hh
 [     CXX] RISCV/mem/HeteroMemCtrl.py.cc -> .o
 [SO Param] m5.objects.HeteroMemCtrl, HeteroMemCtrl -> RISCV/python/_m5/param_HeteroMemCtrl.cc
 [     CXX] RISCV/mem/HBMCtrl.py.cc -> .o
 [SO Param] m5.objects.HBMCtrl, HBMCtrl -> RISCV/python/_m5/param_HBMCtrl.cc
 [ENUMDECL] m5.objects.QoSMemCtrl, QoSQPolicy -> RISCV/enums/QoSQPolicy.hh
 [SO Param] m5.objects.QoSPolicy, QoSPolicy -> RISCV/params/QoSPolicy.hh
 [SO Param] m5.objects.HeteroMemCtrl, HeteroMemCtrl -> RISCV/params/HeteroMemCtrl.hh
 [SO Param] m5.objects.NVMInterface, NVMInterface -> RISCV/params/NVMInterface.hh
 [SO Param] m5.objects.HBMCtrl, HBMCtrl -> RISCV/params/HBMCtrl.hh
 [SO Param] m5.objects.DRAMInterface, DRAMInterface -> RISCV/params/DRAMInterface.hh
 [SO Param] m5.objects.QoSTurnaround, QoSTurnaroundPolicy -> RISCV/params/QoSTurnaroundPolicy.hh
 [     CXX] RISCV/mem/MemInterface.py.cc -> .o
 [SO Param] m5.objects.MemInterface, MemInterface -> RISCV/python/_m5/param_MemInterface.cc
 [ENUM STR] m5.objects.MemInterface, AddrMap -> RISCV/enums/AddrMap.cc
 [     CXX] RISCV/mem/DRAMInterface.py.cc -> .o
 [SO Param] m5.objects.DRAMInterface, DRAMInterface -> RISCV/python/_m5/param_DRAMInterface.cc
 [ENUM STR] m5.objects.DRAMInterface, PageManage -> RISCV/enums/PageManage.cc
 [     CXX] RISCV/mem/NVMInterface.py.cc -> .o
 [SO Param] m5.objects.NVMInterface, NVMInterface -> RISCV/python/_m5/param_NVMInterface.cc
 [     CXX] RISCV/mem/ExternalMaster.py.cc -> .o
 [SO Param] m5.objects.ExternalMaster, ExternalMaster -> RISCV/python/_m5/param_ExternalMaster.cc
 [     CXX] RISCV/mem/ExternalSlave.py.cc -> .o
 [SO Param] m5.objects.ExternalSlave, ExternalSlave -> RISCV/python/_m5/param_ExternalSlave.cc
 [     CXX] RISCV/mem/CfiMemory.py.cc -> .o
 [SO Param] m5.objects.ExternalMaster, ExternalMaster -> RISCV/params/ExternalMaster.hh
 [SO Param] m5.objects.ExternalSlave, ExternalSlave -> RISCV/params/ExternalSlave.hh
 [SO Param] m5.objects.CfiMemory, CfiMemory -> RISCV/python/_m5/param_CfiMemory.cc
 [     CXX] RISCV/mem/SharedMemoryServer.py.cc -> .o
 [SO Param] m5.objects.SharedMemoryServer, SharedMemoryServer -> RISCV/python/_m5/param_SharedMemoryServer.cc
 [SO Param] m5.objects.CfiMemory, CfiMemory -> RISCV/params/CfiMemory.hh
 [SO Param] m5.objects.SharedMemoryServer, SharedMemoryServer -> RISCV/params/SharedMemoryServer.hh
 [     CXX] RISCV/mem/SimpleMemory.py.cc -> .o
 [SO Param] m5.objects.SimpleMemory, SimpleMemory -> RISCV/python/_m5/param_SimpleMemory.cc
 [     CXX] RISCV/mem/XBar.py.cc -> .o
 [SO Param] m5.objects.XBar, BaseXBar -> RISCV/python/_m5/param_BaseXBar.cc
 [SO Param] m5.objects.SimpleMemory, SimpleMemory -> RISCV/params/SimpleMemory.hh
 [SO Param] m5.objects.XBar, BaseXBar -> RISCV/params/BaseXBar.hh
 [SO Param] m5.objects.XBar, NoncoherentXBar -> RISCV/python/_m5/param_NoncoherentXBar.cc
 [SO Param] m5.objects.XBar, CoherentXBar -> RISCV/python/_m5/param_CoherentXBar.cc
 [SO Param] m5.objects.XBar, SnoopFilter -> RISCV/python/_m5/param_SnoopFilter.cc
 [SO Param] m5.objects.XBar, NoncoherentXBar -> RISCV/params/NoncoherentXBar.hh
 [SO Param] m5.objects.XBar, CoherentXBar -> RISCV/params/CoherentXBar.hh
 [SO Param] m5.objects.XBar, SnoopFilter -> RISCV/params/SnoopFilter.hh
 [     CXX] RISCV/mem/HMCController.py.cc -> .o
 [SO Param] m5.objects.HMCController, HMCController -> RISCV/python/_m5/param_HMCController.cc
 [     CXX] RISCV/mem/SerialLink.py.cc -> .o
 [SO Param] m5.objects.SerialLink, SerialLink -> RISCV/python/_m5/param_SerialLink.cc
 [SO Param] m5.objects.HMCController, HMCController -> RISCV/params/HMCController.hh
 [SO Param] m5.objects.SerialLink, SerialLink -> RISCV/params/SerialLink.hh
 [     CXX] RISCV/mem/MemDelay.py.cc -> .o
 [SO Param] m5.objects.MemDelay, MemDelay -> RISCV/python/_m5/param_MemDelay.cc
 [SO Param] m5.objects.MemDelay, SimpleMemDelay -> RISCV/python/_m5/param_SimpleMemDelay.cc
 [     CXX] RISCV/mem/PortTerminator.py.cc -> .o
 [SO Param] m5.objects.MemDelay, MemDelay -> RISCV/params/MemDelay.hh
 [SO Param] m5.objects.MemDelay, SimpleMemDelay -> RISCV/params/SimpleMemDelay.hh
 [SO Param] m5.objects.PortTerminator, PortTerminator -> RISCV/python/_m5/param_PortTerminator.cc
 [     CXX] RISCV/mem/ThreadBridge.py.cc -> .o
 [SO Param] m5.objects.ThreadBridge, ThreadBridge -> RISCV/python/_m5/param_ThreadBridge.cc
 [SO Param] m5.objects.PortTerminator, PortTerminator -> RISCV/params/PortTerminator.hh
 [ TRACING]  -> RISCV/debug/MemoryAccess.hh
 [ TRACING]  -> RISCV/debug/Bridge.hh
 [ TRACING]  -> RISCV/debug/CoherentXBar.hh
 [SO Param] m5.objects.ThreadBridge, ThreadBridge -> RISCV/params/ThreadBridge.hh
 [ TRACING]  -> RISCV/debug/CFI.hh
 [ TRACING]  -> RISCV/debug/ExternalPort.hh
 [ TRACING]  -> RISCV/debug/DRAM.hh
 [ TRACING]  -> RISCV/debug/MemCtrl.hh
 [ TRACING]  -> RISCV/debug/NVM.hh
 [ TRACING]  -> RISCV/debug/DRAMPower.hh
 [ TRACING]  -> RISCV/debug/DRAMState.hh
 [ TRACING]  -> RISCV/debug/NoncoherentXBar.hh
 [ TRACING]  -> RISCV/debug/XBar.hh
 [ TRACING]  -> RISCV/debug/PortTrace.hh
 [ TRACING]  -> RISCV/debug/ResponsePort.hh
 [ TRACING]  -> RISCV/debug/PacketQueue.hh
 [ TRACING]  -> RISCV/debug/BaseXBar.hh
 [ TRACING]  -> RISCV/debug/SnoopFilter.hh
 [ TRACING]  -> RISCV/debug/StackDist.hh
 [ TRACING]  -> RISCV/debug/TokenPort.hh
 [ TRACING]  -> RISCV/debug/HMCController.hh
 [ TRACING]  -> RISCV/debug/SerialLink.hh
 [ TRACING]  -> RISCV/debug/MMU.hh
 [     CXX] RISCV/mem/MemChecker.py.cc -> .o
 [SO Param] m5.objects.MemChecker, MemChecker -> RISCV/python/_m5/param_MemChecker.cc
 [SO Param] m5.objects.MemChecker, MemCheckerMonitor -> RISCV/python/_m5/param_MemCheckerMonitor.cc
 [ TRACING]  -> RISCV/debug/MemChecker.hh
 [SO Param] m5.objects.MemChecker, MemChecker -> RISCV/params/MemChecker.hh
 [ TRACING]  -> RISCV/debug/MemCheckerMonitor.hh
 [SO Param] m5.objects.MemChecker, MemCheckerMonitor -> RISCV/params/MemCheckerMonitor.hh
 [ TRACING]  -> RISCV/debug/AddrRanges.cc
 [ TRACING]  -> RISCV/debug/BaseXBar.cc
 [ TRACING]  -> RISCV/debug/CoherentXBar.cc
 [ TRACING]  -> RISCV/debug/CFI.cc
 [ TRACING]  -> RISCV/debug/NoncoherentXBar.cc
 [ TRACING]  -> RISCV/debug/SnoopFilter.cc
 [ TRACING]  -> RISCV/debug/XBar.cc
 [ TRACING]  -> RISCV/debug/Bridge.cc
 [ TRACING]  -> RISCV/debug/CommMonitor.cc
 [ TRACING]  -> RISCV/debug/DRAM.cc
 [ TRACING]  -> RISCV/debug/DRAMPower.cc
 [ TRACING]  -> RISCV/debug/DRAMState.cc
 [ TRACING]  -> RISCV/debug/NVM.cc
 [ TRACING]  -> RISCV/debug/ExternalPort.cc
 [ TRACING]  -> RISCV/debug/HtmMem.cc
 [ TRACING]  -> RISCV/debug/LLSC.cc
 [ TRACING]  -> RISCV/debug/MemCtrl.cc
 [ TRACING]  -> RISCV/debug/MMU.cc
 [ TRACING]  -> RISCV/debug/MemoryAccess.cc
 [ TRACING]  -> RISCV/debug/PacketQueue.cc
 [ TRACING]  -> RISCV/debug/PortTrace.cc
 [ TRACING]  -> RISCV/debug/HtmMem.hh
 [ TRACING]  -> RISCV/debug/ResponsePort.cc
 [ TRACING]  -> RISCV/debug/StackDist.cc
 [ TRACING]  -> RISCV/debug/DRAMSim2.cc
 [ TRACING]  -> RISCV/debug/DRAMsim3.cc
 [ TRACING]  -> RISCV/debug/HMCController.cc
 [ TRACING]  -> RISCV/debug/SerialLink.cc
 [ TRACING]  -> RISCV/debug/TokenPort.cc
 [ TRACING]  -> RISCV/debug/MemChecker.cc
 [ TRACING]  -> RISCV/debug/MemCheckerMonitor.cc
 [ TRACING]  -> RISCV/debug/QOS.cc
 [ TRACING]  -> RISCV/debug/DRAMSim2.hh
 [     CXX] RISCV/mem/cache/Cache.py.cc -> .o
 [SO Param] m5.objects.Cache, WriteAllocator -> RISCV/python/_m5/param_WriteAllocator.cc
 [SO Param] m5.objects.Cache, BaseCache -> RISCV/python/_m5/param_BaseCache.cc
 [SO Param] m5.objects.Cache, Cache -> RISCV/python/_m5/param_Cache.cc
 [ TRACING]  -> RISCV/debug/DRAMsim3.hh
 [SO Param] m5.objects.Cache, NoncoherentCache -> RISCV/python/_m5/param_NoncoherentCache.cc
 [ENUM STR] m5.objects.Cache, Clusivity -> RISCV/enums/Clusivity.cc
 [ TRACING]  -> RISCV/debug/Cache.hh
 [ TRACING]  -> RISCV/debug/CacheComp.hh
 [ TRACING]  -> RISCV/debug/CachePort.hh
 [ TRACING]  -> RISCV/debug/CacheRepl.hh
 [ TRACING]  -> RISCV/debug/CacheVerbose.hh
 [SO Param] m5.objects.Cache, WriteAllocator -> RISCV/params/WriteAllocator.hh
 [ENUMDECL] m5.objects.Cache, Clusivity -> RISCV/enums/Clusivity.hh
 [SO Param] m5.objects.Tags, BaseTags -> RISCV/params/BaseTags.hh
 [ TRACING]  -> RISCV/debug/MSHR.hh
 [SO Param] m5.objects.Cache, BaseCache -> RISCV/params/BaseCache.hh
 [SO Param] m5.objects.ReplacementPolicies, BaseReplacementPolicy -> RISCV/params/BaseReplacementPolicy.hh
 [SO Param] m5.objects.Cache, NoncoherentCache -> RISCV/params/NoncoherentCache.hh
 [SO Param] m5.objects.Cache, Cache -> RISCV/params/Cache.hh
 [SO Param] m5.objects.PartitioningPolicies, PartitionManager -> RISCV/params/PartitionManager.hh
 [ TRACING]  -> RISCV/debug/HWPrefetch.hh
 [SO Param] m5.objects.Tags, SectorTags -> RISCV/params/SectorTags.hh
 [SO Param] m5.objects.IndexingPolicies, BaseIndexingPolicy -> RISCV/params/BaseIndexingPolicy.hh
 [ TRACING]  -> RISCV/debug/CacheTags.hh
 [ TRACING]  -> RISCV/debug/Cache.cc
 [ TRACING]  -> RISCV/debug/CacheComp.cc
 [SO Param] m5.objects.Compressors, BaseCacheCompressor -> RISCV/params/BaseCacheCompressor.hh
 [SO Param] m5.objects.Prefetcher, BasePrefetcher -> RISCV/params/BasePrefetcher.hh
 [ TRACING]  -> RISCV/debug/CachePort.cc
 [ TRACING]  -> RISCV/debug/CacheRepl.cc
 [ TRACING]  -> RISCV/debug/CacheTags.cc
 [SO Param] m5.objects.PartitioningPolicies, BasePartitioningPolicy -> RISCV/params/BasePartitioningPolicy.hh
 [ TRACING]  -> RISCV/debug/CacheVerbose.cc
 [ TRACING]  -> RISCV/debug/HWPrefetch.cc
 [ TRACING]  -> RISCV/debug/MSHR.cc
 [ TRACING]  -> RISCV/debug/HWPrefetchQueue.cc
 [ TRACING]  -> RISCV/debug/PartitionPolicy.cc
 [ TRACING]  -> RISCV/debug/CacheAll.cc
 [     CXX] RISCV/mem/cache/compressors/Compressors.py.cc -> .o
 [SO Param] m5.objects.Compressors, BaseCacheCompressor -> RISCV/python/_m5/param_BaseCacheCompressor.cc
 [ TRACING]  -> RISCV/debug/HWPrefetchQueue.hh
 [ TRACING]  -> RISCV/debug/CacheAll.hh
 [ TRACING]  -> RISCV/debug/PartitionPolicy.hh
 [SO Param] m5.objects.Compressors, BaseDictionaryCompressor -> RISCV/python/_m5/param_BaseDictionaryCompressor.cc
 [SO Param] m5.objects.Compressors, Base64Delta8 -> RISCV/python/_m5/param_Base64Delta8.cc
 [SO Param] m5.objects.Compressors, Base64Delta16 -> RISCV/python/_m5/param_Base64Delta16.cc
 [SO Param] m5.objects.Compressors, Base64Delta32 -> RISCV/python/_m5/param_Base64Delta32.cc
 [SO Param] m5.objects.Compressors, Base32Delta8 -> RISCV/python/_m5/param_Base32Delta8.cc
 [SO Param] m5.objects.Compressors, Base32Delta16 -> RISCV/python/_m5/param_Base32Delta16.cc
 [SO Param] m5.objects.Compressors, Base16Delta8 -> RISCV/python/_m5/param_Base16Delta8.cc
 [SO Param] m5.objects.Compressors, CPack -> RISCV/python/_m5/param_CPack.cc
 [SO Param] m5.objects.Compressors, FPC -> RISCV/python/_m5/param_FPC.cc
 [SO Param] m5.objects.Compressors, BaseDictionaryCompressor -> RISCV/params/BaseDictionaryCompressor.hh
 [SO Param] m5.objects.Compressors, Base64Delta32 -> RISCV/params/Base64Delta32.hh
 [SO Param] m5.objects.Compressors, Base32Delta8 -> RISCV/params/Base32Delta8.hh
 [SO Param] m5.objects.Compressors, Base64Delta8 -> RISCV/params/Base64Delta8.hh
 [SO Param] m5.objects.Compressors, Base64Delta16 -> RISCV/params/Base64Delta16.hh
 [SO Param] m5.objects.Compressors, Base32Delta16 -> RISCV/params/Base32Delta16.hh
 [SO Param] m5.objects.Compressors, Base16Delta8 -> RISCV/params/Base16Delta8.hh
 [SO Param] m5.objects.Compressors, CPack -> RISCV/params/CPack.hh
 [SO Param] m5.objects.Compressors, FPCD -> RISCV/python/_m5/param_FPCD.cc
 [SO Param] m5.objects.Compressors, FrequentValuesCompressor -> RISCV/python/_m5/param_FrequentValuesCompressor.cc
 [SO Param] m5.objects.Compressors, FPC -> RISCV/params/FPC.hh
 [SO Param] m5.objects.Compressors, MultiCompressor -> RISCV/python/_m5/param_MultiCompressor.cc
 [SO Param] m5.objects.Compressors, PerfectCompressor -> RISCV/python/_m5/param_PerfectCompressor.cc
 [SO Param] m5.objects.Compressors, RepeatedQwordsCompressor -> RISCV/python/_m5/param_RepeatedQwordsCompressor.cc
 [SO Param] m5.objects.Compressors, ZeroCompressor -> RISCV/python/_m5/param_ZeroCompressor.cc
 [SO Param] m5.objects.Compressors, FPCD -> RISCV/params/FPCD.hh
 [SO Param] m5.objects.Compressors, FrequentValuesCompressor -> RISCV/params/FrequentValuesCompressor.hh
 [SO Param] m5.objects.Compressors, MultiCompressor -> RISCV/params/MultiCompressor.hh
 [SO Param] m5.objects.Compressors, PerfectCompressor -> RISCV/params/PerfectCompressor.hh
 [SO Param] m5.objects.Compressors, RepeatedQwordsCompressor -> RISCV/params/RepeatedQwordsCompressor.hh
 [SO Param] m5.objects.Compressors, ZeroCompressor -> RISCV/params/ZeroCompressor.hh
 [     CXX] RISCV/mem/cache/prefetch/Prefetcher.py.cc -> .o
 [SO Param] m5.objects.Prefetcher, BasePrefetcher -> RISCV/python/_m5/param_BasePrefetcher.cc
 [SO Param] m5.objects.Prefetcher, MultiPrefetcher -> RISCV/python/_m5/param_MultiPrefetcher.cc
 [SO Param] m5.objects.Prefetcher, QueuedPrefetcher -> RISCV/python/_m5/param_QueuedPrefetcher.cc
 [SO Param] m5.objects.Prefetcher, StridePrefetcherHashedSetAssociative -> RISCV/python/_m5/param_StridePrefetcherHashedSetAssociative.cc
 [SO Param] m5.objects.Prefetcher, StridePrefetcher -> RISCV/python/_m5/param_StridePrefetcher.cc
 [SO Param] m5.objects.Prefetcher, TaggedPrefetcher -> RISCV/python/_m5/param_TaggedPrefetcher.cc
 [SO Param] m5.objects.Prefetcher, IndirectMemoryPrefetcher -> RISCV/python/_m5/param_IndirectMemoryPrefetcher.cc
 [SO Param] m5.objects.Prefetcher, SignaturePathPrefetcher -> RISCV/python/_m5/param_SignaturePathPrefetcher.cc
 [SO Param] m5.objects.Prefetcher, SignaturePathPrefetcherV2 -> RISCV/python/_m5/param_SignaturePathPrefetcherV2.cc
 [SO Param] m5.objects.Prefetcher, AccessMapPatternMatching -> RISCV/python/_m5/param_AccessMapPatternMatching.cc
 [SO Param] m5.objects.Prefetcher, AMPMPrefetcher -> RISCV/python/_m5/param_AMPMPrefetcher.cc
 [SO Param] m5.objects.Prefetcher, MultiPrefetcher -> RISCV/params/MultiPrefetcher.hh
 [SO Param] m5.objects.Prefetcher, QueuedPrefetcher -> RISCV/params/QueuedPrefetcher.hh
 [SO Param] m5.objects.Prefetcher, StridePrefetcherHashedSetAssociative -> RISCV/params/StridePrefetcherHashedSetAssociative.hh
 [SO Param] m5.objects.Prefetcher, StridePrefetcher -> RISCV/params/StridePrefetcher.hh
 [SO Param] m5.objects.Prefetcher, IndirectMemoryPrefetcher -> RISCV/params/IndirectMemoryPrefetcher.hh
 [SO Param] m5.objects.Prefetcher, TaggedPrefetcher -> RISCV/params/TaggedPrefetcher.hh
 [SO Param] m5.objects.Prefetcher, SignaturePathPrefetcherV2 -> RISCV/params/SignaturePathPrefetcherV2.hh
 [SO Param] m5.objects.Prefetcher, SignaturePathPrefetcher -> RISCV/params/SignaturePathPrefetcher.hh
 [SO Param] m5.objects.Prefetcher, AccessMapPatternMatching -> RISCV/params/AccessMapPatternMatching.hh
 [SO Param] m5.objects.Prefetcher, AMPMPrefetcher -> RISCV/params/AMPMPrefetcher.hh
 [SO Param] m5.objects.IndexingPolicies, SetAssociative -> RISCV/params/SetAssociative.hh
 [SO Param] m5.objects.Prefetcher, DeltaCorrelatingPredictionTables -> RISCV/python/_m5/param_DeltaCorrelatingPredictionTables.cc
 [SO Param] m5.objects.Prefetcher, DCPTPrefetcher -> RISCV/python/_m5/param_DCPTPrefetcher.cc
 [SO Param] m5.objects.Prefetcher, IrregularStreamBufferPrefetcher -> RISCV/python/_m5/param_IrregularStreamBufferPrefetcher.cc
 [SO Param] m5.objects.Prefetcher, SlimAMPMPrefetcher -> RISCV/python/_m5/param_SlimAMPMPrefetcher.cc
 [SO Param] m5.objects.Prefetcher, BOPPrefetcher -> RISCV/python/_m5/param_BOPPrefetcher.cc
 [SO Param] m5.objects.Prefetcher, SBOOEPrefetcher -> RISCV/python/_m5/param_SBOOEPrefetcher.cc
 [SO Param] m5.objects.Prefetcher, STeMSPrefetcher -> RISCV/python/_m5/param_STeMSPrefetcher.cc
 [SO Param] m5.objects.Prefetcher, PIFPrefetcher -> RISCV/python/_m5/param_PIFPrefetcher.cc
 [SO Param] m5.objects.Prefetcher, BOPPrefetcher -> RISCV/params/BOPPrefetcher.hh
 [SO Param] m5.objects.Prefetcher, DCPTPrefetcher -> RISCV/params/DCPTPrefetcher.hh
 [SO Param] m5.objects.Prefetcher, DeltaCorrelatingPredictionTables -> RISCV/params/DeltaCorrelatingPredictionTables.hh
 [SO Param] m5.objects.Prefetcher, IrregularStreamBufferPrefetcher -> RISCV/params/IrregularStreamBufferPrefetcher.hh
 [SO Param] m5.objects.Prefetcher, PIFPrefetcher -> RISCV/params/PIFPrefetcher.hh
 [SO Param] m5.objects.Prefetcher, SBOOEPrefetcher -> RISCV/params/SBOOEPrefetcher.hh
 [SO Param] m5.objects.Prefetcher, SlimAMPMPrefetcher -> RISCV/params/SlimAMPMPrefetcher.hh
 [SO Param] m5.objects.Prefetcher, STeMSPrefetcher -> RISCV/params/STeMSPrefetcher.hh
 [     CXX] RISCV/mem/cache/replacement_policies/ReplacementPolicies.py.cc -> .o
 [SO Param] m5.objects.ReplacementPolicies, BaseReplacementPolicy -> RISCV/python/_m5/param_BaseReplacementPolicy.cc
 [SO Param] m5.objects.ReplacementPolicies, DuelingRP -> RISCV/python/_m5/param_DuelingRP.cc
 [SO Param] m5.objects.ReplacementPolicies, FIFORP -> RISCV/python/_m5/param_FIFORP.cc
 [SO Param] m5.objects.ReplacementPolicies, SecondChanceRP -> RISCV/python/_m5/param_SecondChanceRP.cc
 [SO Param] m5.objects.ReplacementPolicies, LFURP -> RISCV/python/_m5/param_LFURP.cc
 [SO Param] m5.objects.ReplacementPolicies, LRURP -> RISCV/python/_m5/param_LRURP.cc
 [SO Param] m5.objects.ReplacementPolicies, BIPRP -> RISCV/python/_m5/param_BIPRP.cc
 [SO Param] m5.objects.ReplacementPolicies, MRURP -> RISCV/python/_m5/param_MRURP.cc
 [SO Param] m5.objects.ReplacementPolicies, RandomRP -> RISCV/python/_m5/param_RandomRP.cc
 [SO Param] m5.objects.ReplacementPolicies, BRRIPRP -> RISCV/python/_m5/param_BRRIPRP.cc
 [SO Param] m5.objects.ReplacementPolicies, SHiPRP -> RISCV/python/_m5/param_SHiPRP.cc
 [SO Param] m5.objects.ReplacementPolicies, SHiPMemRP -> RISCV/python/_m5/param_SHiPMemRP.cc
 [SO Param] m5.objects.ReplacementPolicies, DuelingRP -> RISCV/params/DuelingRP.hh
 [SO Param] m5.objects.ReplacementPolicies, SecondChanceRP -> RISCV/params/SecondChanceRP.hh
 [SO Param] m5.objects.ReplacementPolicies, FIFORP -> RISCV/params/FIFORP.hh
 [SO Param] m5.objects.ReplacementPolicies, SHiPPCRP -> RISCV/python/_m5/param_SHiPPCRP.cc
 [SO Param] m5.objects.ReplacementPolicies, TreePLRURP -> RISCV/python/_m5/param_TreePLRURP.cc
 [SO Param] m5.objects.ReplacementPolicies, LRURP -> RISCV/params/LRURP.hh
 [SO Param] m5.objects.ReplacementPolicies, LFURP -> RISCV/params/LFURP.hh
 [SO Param] m5.objects.ReplacementPolicies, BIPRP -> RISCV/params/BIPRP.hh
 [SO Param] m5.objects.ReplacementPolicies, MRURP -> RISCV/params/MRURP.hh
 [SO Param] m5.objects.ReplacementPolicies, RandomRP -> RISCV/params/RandomRP.hh
 [SO Param] m5.objects.ReplacementPolicies, BRRIPRP -> RISCV/params/BRRIPRP.hh
 [SO Param] m5.objects.ReplacementPolicies, SHiPRP -> RISCV/params/SHiPRP.hh
 [SO Param] m5.objects.ReplacementPolicies, SHiPMemRP -> RISCV/params/SHiPMemRP.hh
 [SO Param] m5.objects.ReplacementPolicies, WeightedLRURP -> RISCV/python/_m5/param_WeightedLRURP.cc
 [SO Param] m5.objects.ReplacementPolicies, SHiPPCRP -> RISCV/params/SHiPPCRP.hh
 [SO Param] m5.objects.ReplacementPolicies, TreePLRURP -> RISCV/params/TreePLRURP.hh
 [SO Param] m5.objects.ReplacementPolicies, WeightedLRURP -> RISCV/params/WeightedLRURP.hh
 [     CXX] RISCV/mem/cache/tags/Tags.py.cc -> .o
 [SO Param] m5.objects.Tags, BaseTags -> RISCV/python/_m5/param_BaseTags.cc
 [SO Param] m5.objects.Tags, BaseSetAssoc -> RISCV/python/_m5/param_BaseSetAssoc.cc
 [SO Param] m5.objects.Tags, SectorTags -> RISCV/python/_m5/param_SectorTags.cc
 [SO Param] m5.objects.Tags, CompressedTags -> RISCV/python/_m5/param_CompressedTags.cc
 [SO Param] m5.objects.Tags, FALRU -> RISCV/python/_m5/param_FALRU.cc
 [SO Param] m5.objects.Tags, BaseSetAssoc -> RISCV/params/BaseSetAssoc.hh
 [SO Param] m5.objects.Tags, CompressedTags -> RISCV/params/CompressedTags.hh
 [SO Param] m5.objects.Tags, FALRU -> RISCV/params/FALRU.hh
 [     CXX] RISCV/mem/cache/tags/indexing_policies/IndexingPolicies.py.cc -> .o
 [SO Param] m5.objects.IndexingPolicies, BaseIndexingPolicy -> RISCV/python/_m5/param_BaseIndexingPolicy.cc
 [SO Param] m5.objects.IndexingPolicies, SetAssociative -> RISCV/python/_m5/param_SetAssociative.cc
 [SO Param] m5.objects.IndexingPolicies, SkewedAssociative -> RISCV/python/_m5/param_SkewedAssociative.cc
 [SO Param] m5.objects.IndexingPolicies, SkewedAssociative -> RISCV/params/SkewedAssociative.hh
 [     CXX] RISCV/mem/cache/tags/partitioning_policies/PartitioningPolicies.py.cc -> .o
 [SO Param] m5.objects.PartitioningPolicies, PartitionManager -> RISCV/python/_m5/param_PartitionManager.cc
 [SO Param] m5.objects.PartitioningPolicies, BasePartitioningPolicy -> RISCV/python/_m5/param_BasePartitioningPolicy.cc
 [SO Param] m5.objects.PartitioningPolicies, MaxCapacityPartitioningPolicy -> RISCV/python/_m5/param_MaxCapacityPartitioningPolicy.cc
 [SO Param] m5.objects.PartitioningPolicies, WayPolicyAllocation -> RISCV/python/_m5/param_WayPolicyAllocation.cc
 [SO Param] m5.objects.PartitioningPolicies, WayPartitioningPolicy -> RISCV/python/_m5/param_WayPartitioningPolicy.cc
 [SO Param] m5.objects.PartitioningPolicies, MaxCapacityPartitioningPolicy -> RISCV/params/MaxCapacityPartitioningPolicy.hh
 [SO Param] m5.objects.PartitioningPolicies, WayPolicyAllocation -> RISCV/params/WayPolicyAllocation.hh
 [SO Param] m5.objects.PartitioningPolicies, WayPartitioningPolicy -> RISCV/params/WayPartitioningPolicy.hh
 [     CXX] RISCV/mem/probes/BaseMemProbe.py.cc -> .o
 [SO Param] m5.objects.BaseMemProbe, BaseMemProbe -> RISCV/python/_m5/param_BaseMemProbe.cc
 [SO Param] m5.objects.BaseMemProbe, BaseMemProbe -> RISCV/params/BaseMemProbe.hh
 [     CXX] RISCV/mem/probes/StackDistProbe.py.cc -> .o
 [SO Param] m5.objects.StackDistProbe, StackDistProbe -> RISCV/python/_m5/param_StackDistProbe.cc
 [SO Param] m5.objects.StackDistProbe, StackDistProbe -> RISCV/params/StackDistProbe.hh
 [     CXX] RISCV/mem/probes/MemFootprintProbe.py.cc -> .o
 [SO Param] m5.objects.MemFootprintProbe, MemFootprintProbe -> RISCV/python/_m5/param_MemFootprintProbe.cc
 [SO Param] m5.objects.MemFootprintProbe, MemFootprintProbe -> RISCV/params/MemFootprintProbe.hh
 [     CXX] RISCV/mem/probes/MemTraceProbe.py.cc -> .o
 [SO Param] m5.objects.MemTraceProbe, MemTraceProbe -> RISCV/python/_m5/param_MemTraceProbe.cc
 [SO Param] m5.objects.MemTraceProbe, MemTraceProbe -> RISCV/params/MemTraceProbe.hh
 [     CXX] RISCV/mem/qos/QoSMemCtrl.py.cc -> .o
 [SO Param] m5.objects.QoSMemCtrl, QoSMemCtrl -> RISCV/python/_m5/param_QoSMemCtrl.cc
 [ENUM STR] m5.objects.QoSMemCtrl, QoSQPolicy -> RISCV/enums/QoSQPolicy.cc
 [     CXX] RISCV/mem/qos/QoSMemSinkCtrl.py.cc -> .o
 [SO Param] m5.objects.QoSMemSinkCtrl, QoSMemSinkCtrl -> RISCV/python/_m5/param_QoSMemSinkCtrl.cc
 [     CXX] RISCV/mem/qos/QoSMemSinkInterface.py.cc -> .o
 [SO Param] m5.objects.QoSMemSinkInterface, QoSMemSinkInterface -> RISCV/python/_m5/param_QoSMemSinkInterface.cc
 [     CXX] RISCV/mem/qos/QoSPolicy.py.cc -> .o
 [SO Param] m5.objects.QoSPolicy, QoSPolicy -> RISCV/python/_m5/param_QoSPolicy.cc
 [SO Param] m5.objects.QoSPolicy, QoSFixedPriorityPolicy -> RISCV/python/_m5/param_QoSFixedPriorityPolicy.cc
 [SO Param] m5.objects.QoSMemSinkCtrl, QoSMemSinkCtrl -> RISCV/params/QoSMemSinkCtrl.hh
 [SO Param] m5.objects.QoSMemSinkInterface, QoSMemSinkInterface -> RISCV/params/QoSMemSinkInterface.hh
 [SO Param] m5.objects.QoSPolicy, QoSFixedPriorityPolicy -> RISCV/params/QoSFixedPriorityPolicy.hh
 [SO Param] m5.objects.QoSPolicy, QoSPropFairPolicy -> RISCV/python/_m5/param_QoSPropFairPolicy.cc
 [     CXX] RISCV/mem/qos/QoSTurnaround.py.cc -> .o
 [SO Param] m5.objects.QoSTurnaround, QoSTurnaroundPolicy -> RISCV/python/_m5/param_QoSTurnaroundPolicy.cc
 [SO Param] m5.objects.QoSPolicy, QoSPropFairPolicy -> RISCV/params/QoSPropFairPolicy.hh
 [SO Param] m5.objects.QoSTurnaround, QoSTurnaroundPolicyIdeal -> RISCV/python/_m5/param_QoSTurnaroundPolicyIdeal.cc
 [SO Param] m5.objects.QoSTurnaround, QoSTurnaroundPolicyIdeal -> RISCV/params/QoSTurnaroundPolicyIdeal.hh
 [ TRACING]  -> RISCV/debug/ProtocolTrace.cc
 [ TRACING]  -> RISCV/debug/RubyCache.cc
 [ TRACING]  -> RISCV/debug/RubyCacheTrace.cc
 [ TRACING]  -> RISCV/debug/ProtocolTrace.hh
 [ TRACING]  -> RISCV/debug/RubyCache.hh
 [ TRACING]  -> RISCV/debug/RubyCacheTrace.hh
 [ TRACING]  -> RISCV/debug/RubyDma.cc
 [ TRACING]  -> RISCV/debug/RubyGenerated.cc
 [ TRACING]  -> RISCV/debug/RubyNetwork.cc
 [ TRACING]  -> RISCV/debug/RubyDma.hh
 [ TRACING]  -> RISCV/debug/RubyGenerated.hh
 [ TRACING]  -> RISCV/debug/RubyNetwork.hh
 [ TRACING]  -> RISCV/debug/RubyPort.cc
 [ TRACING]  -> RISCV/debug/RubyPrefetcher.cc
 [ TRACING]  -> RISCV/debug/RubyQueue.cc
 [ TRACING]  -> RISCV/debug/RubyPrefetcher.hh
 [ TRACING]  -> RISCV/debug/RubyPort.hh
 [ TRACING]  -> RISCV/debug/RubySequencer.cc
 [ TRACING]  -> RISCV/debug/RubyQueue.hh
 [ TRACING]  -> RISCV/debug/RubySlicc.cc
 [ TRACING]  -> RISCV/debug/RubySystem.cc
 [ TRACING]  -> RISCV/debug/RubySequencer.hh
 [ TRACING]  -> RISCV/debug/RubySystem.hh
 [ TRACING]  -> RISCV/debug/RubyTester.cc
 [ TRACING]  -> RISCV/debug/RubySlicc.hh
 [ TRACING]  -> RISCV/debug/RubyStats.cc
 [ TRACING]  -> RISCV/debug/RubyResourceStalls.cc
 [ TRACING]  -> RISCV/debug/RubyProtocol.cc
 [ TRACING]  -> RISCV/debug/RubyTester.hh
 [ TRACING]  -> RISCV/debug/RubyStats.hh
 [ TRACING]  -> RISCV/debug/RubyResourceStalls.hh
 [ TRACING]  -> RISCV/debug/RubyProtocol.hh
 [ TRACING]  -> RISCV/debug/RubyHitMiss.cc
 [ TRACING]  -> RISCV/debug/Ruby.cc
 [ TRACING]  -> RISCV/debug/RubyHitMiss.hh
 [SO Param] m5.objects.RubySystem, RubySystem -> RISCV/params/RubySystem.hh
 [SO Param] m5.objects.Controller, RubyController -> RISCV/params/RubyController.hh
 [ TRACING]  -> RISCV/debug/Ruby.hh
 [SO Param] m5.objects.MessageBuffer, MessageBuffer -> RISCV/params/MessageBuffer.hh
 [     CXX] src/mem/ruby/common/NetDest.cc -> RISCV/mem/ruby/common/NetDest.o
 [     CXX] RISCV/mem/ruby/network/BasicLink.py.cc -> .o
 [SO Param] m5.objects.BasicLink, BasicLink -> RISCV/python/_m5/param_BasicLink.cc
 [SO Param] m5.objects.BasicLink, BasicExtLink -> RISCV/python/_m5/param_BasicExtLink.cc
 [ENUMDECL] m5.objects.MessageBuffer, MessageRandomization -> RISCV/enums/MessageRandomization.hh
 [SO Param] m5.objects.BasicLink, BasicExtLink -> RISCV/params/BasicExtLink.hh
 [SO Param] m5.objects.BasicLink, BasicLink -> RISCV/params/BasicLink.hh
 [     CXX] src/mem/ruby/common/DataBlock.cc -> RISCV/mem/ruby/common/DataBlock.o
 [SO Param] m5.objects.BasicLink, BasicIntLink -> RISCV/params/BasicIntLink.hh
 [SO Param] m5.objects.BasicRouter, BasicRouter -> RISCV/params/BasicRouter.hh
 [     CXX] src/mem/ruby/common/Address.cc -> RISCV/mem/ruby/common/Address.o
 [     CXX] RISCV/python/_m5/param_BasicLink.cc -> .o
 [     CXX] RISCV/python/_m5/param_BasicExtLink.cc -> .o
 [     CXX] src/mem/ruby/common/WriteMask.cc -> RISCV/mem/ruby/common/WriteMask.o
 [SO Param] m5.objects.BasicLink, BasicIntLink -> RISCV/python/_m5/param_BasicIntLink.cc
 [     CXX] RISCV/mem/ruby/network/BasicRouter.py.cc -> .o
 [SO Param] m5.objects.BasicRouter, BasicRouter -> RISCV/python/_m5/param_BasicRouter.cc
 [     CXX] RISCV/python/_m5/param_BasicIntLink.cc -> .o
 [     CXX] RISCV/mem/ruby/network/MessageBuffer.py.cc -> .o
 [SO Param] m5.objects.MessageBuffer, MessageBuffer -> RISCV/python/_m5/param_MessageBuffer.cc
 [ENUM STR] m5.objects.MessageBuffer, MessageRandomization -> RISCV/enums/MessageRandomization.cc
 [     CXX] RISCV/mem/ruby/network/Network.py.cc -> .o
 [SO Param] m5.objects.Network, RubyNetwork -> RISCV/python/_m5/param_RubyNetwork.cc
 [     CXX] src/mem/ruby/network/BasicLink.cc -> RISCV/mem/ruby/network/BasicLink.o
 [     CXX] src/mem/ruby/network/MessageBuffer.cc -> RISCV/mem/ruby/network/MessageBuffer.o
 [     CXX] RISCV/python/_m5/param_MessageBuffer.cc -> .o
 [SO Param] m5.objects.Network, RubyNetwork -> RISCV/params/RubyNetwork.hh
 [     CXX] RISCV/mem/ruby/network/fault_model/FaultModel.py.cc -> .o
 [SO Param] m5.objects.FaultModel, FaultModel -> RISCV/python/_m5/param_FaultModel.cc
 [SO Param] m5.objects.FaultModel, FaultModel -> RISCV/params/FaultModel.hh
 [     CXX] RISCV/mem/ruby/network/garnet/GarnetLink.py.cc -> .o
 [SO Param] m5.objects.GarnetLink, NetworkLink -> RISCV/python/_m5/param_NetworkLink.cc
 [     CXX] RISCV/python/_m5/param_RubyNetwork.cc -> .o
 [     CXX] src/mem/ruby/network/Network.cc -> RISCV/mem/ruby/network/Network.o
 [     CXX] src/mem/ruby/network/Topology.cc -> RISCV/mem/ruby/network/Topology.o
 [SO Param] m5.objects.GarnetLink, CreditLink -> RISCV/python/_m5/param_CreditLink.cc
 [SO Param] m5.objects.GarnetLink, NetworkLink -> RISCV/params/NetworkLink.hh
 [SO Param] m5.objects.GarnetLink, NetworkBridge -> RISCV/python/_m5/param_NetworkBridge.cc
 [SO Param] m5.objects.GarnetLink, CreditLink -> RISCV/params/CreditLink.hh
 [     CXX] RISCV/python/_m5/param_NetworkLink.cc -> .o
 [ENUMDECL] m5.objects.GarnetLink, CDCType -> RISCV/enums/CDCType.hh
 [     CXX] RISCV/python/_m5/param_CreditLink.cc -> .o
 [SO Param] m5.objects.GarnetLink, NetworkBridge -> RISCV/params/NetworkBridge.hh
 [SO Param] m5.objects.GarnetLink, GarnetExtLink -> RISCV/params/GarnetExtLink.hh
 [SO Param] m5.objects.GarnetLink, GarnetIntLink -> RISCV/params/GarnetIntLink.hh
 [     CXX] RISCV/python/_m5/param_NetworkBridge.cc -> .o
 [SO Param] m5.objects.GarnetLink, GarnetIntLink -> RISCV/python/_m5/param_GarnetIntLink.cc
 [SO Param] m5.objects.GarnetLink, GarnetExtLink -> RISCV/python/_m5/param_GarnetExtLink.cc
 [     CXX] RISCV/python/_m5/param_GarnetIntLink.cc -> .o
 [     CXX] RISCV/python/_m5/param_GarnetExtLink.cc -> .o
 [ENUM STR] m5.objects.GarnetLink, CDCType -> RISCV/enums/CDCType.cc
 [     CXX] RISCV/mem/ruby/network/garnet/GarnetNetwork.py.cc -> .o
 [SO Param] m5.objects.GarnetNetwork, GarnetNetwork -> RISCV/python/_m5/param_GarnetNetwork.cc
 [SO Param] m5.objects.GarnetNetwork, GarnetNetworkInterface -> RISCV/python/_m5/param_GarnetNetworkInterface.cc
 [SO Param] m5.objects.GarnetNetwork, GarnetRouter -> RISCV/python/_m5/param_GarnetRouter.cc
 [SO Param] m5.objects.GarnetNetwork, GarnetNetwork -> RISCV/params/GarnetNetwork.hh
 [SO Param] m5.objects.GarnetNetwork, GarnetNetworkInterface -> RISCV/params/GarnetNetworkInterface.hh
 [     CXX] src/mem/ruby/network/garnet/GarnetLink.cc -> RISCV/mem/ruby/network/garnet/GarnetLink.o
 [SO Param] m5.objects.GarnetNetwork, GarnetRouter -> RISCV/params/GarnetRouter.hh
 [     CXX] src/mem/ruby/network/garnet/NetworkLink.cc -> RISCV/mem/ruby/network/garnet/NetworkLink.o
 [     CXX] src/mem/ruby/network/garnet/VirtualChannel.cc -> RISCV/mem/ruby/network/garnet/VirtualChannel.o
 [     CXX] RISCV/python/_m5/param_GarnetNetwork.cc -> .o
 [     CXX] RISCV/python/_m5/param_GarnetNetworkInterface.cc -> .o
 [     CXX] src/mem/ruby/network/garnet/RoutingUnit.cc -> RISCV/mem/ruby/network/garnet/RoutingUnit.o
 [     CXX] src/mem/ruby/network/garnet/InputUnit.cc -> RISCV/mem/ruby/network/garnet/InputUnit.o
 [     CXX] src/mem/ruby/network/garnet/Router.cc -> RISCV/mem/ruby/network/garnet/Router.o
 [     CXX] src/mem/ruby/network/garnet/GarnetNetwork.cc -> RISCV/mem/ruby/network/garnet/GarnetNetwork.o
 [     CXX] src/mem/ruby/network/garnet/OutputUnit.cc -> RISCV/mem/ruby/network/garnet/OutputUnit.o
 [     CXX] src/mem/ruby/network/garnet/CrossbarSwitch.cc -> RISCV/mem/ruby/network/garnet/CrossbarSwitch.o
 [     CXX] RISCV/python/_m5/param_GarnetRouter.cc -> .o
 [     CXX] src/mem/ruby/network/garnet/SwitchAllocator.cc -> RISCV/mem/ruby/network/garnet/SwitchAllocator.o
 [     CXX] src/mem/ruby/network/garnet/NetworkInterface.cc -> RISCV/mem/ruby/network/garnet/NetworkInterface.o
 [     CXX] src/mem/ruby/network/garnet/OutVcState.cc -> RISCV/mem/ruby/network/garnet/OutVcState.o
 [     CXX] src/mem/ruby/network/garnet/flitBuffer.cc -> RISCV/mem/ruby/network/garnet/flitBuffer.o
 [     CXX] src/mem/ruby/network/garnet/flit.cc -> RISCV/mem/ruby/network/garnet/flit.o
 [     CXX] src/mem/ruby/network/garnet/Credit.cc -> RISCV/mem/ruby/network/garnet/Credit.o
 [     CXX] src/mem/ruby/network/garnet/NetworkBridge.cc -> RISCV/mem/ruby/network/garnet/NetworkBridge.o
 [     CXX] RISCV/mem/ruby/network/simple/SimpleLink.py.cc -> .o
 [SO Param] m5.objects.SimpleLink, SimpleExtLink -> RISCV/python/_m5/param_SimpleExtLink.cc
 [SO Param] m5.objects.SimpleLink, SimpleIntLink -> RISCV/python/_m5/param_SimpleIntLink.cc
 [     CXX] RISCV/mem/ruby/network/simple/SimpleNetwork.py.cc -> .o
 [SO Param] m5.objects.SimpleLink, SimpleExtLink -> RISCV/params/SimpleExtLink.hh
 [SO Param] m5.objects.SimpleLink, SimpleIntLink -> RISCV/params/SimpleIntLink.hh
 [SO Param] m5.objects.SimpleNetwork, SimpleNetwork -> RISCV/python/_m5/param_SimpleNetwork.cc
 [SO Param] m5.objects.SimpleNetwork, BaseRoutingUnit -> RISCV/python/_m5/param_BaseRoutingUnit.cc
 [SO Param] m5.objects.SimpleNetwork, WeightBased -> RISCV/python/_m5/param_WeightBased.cc
 [     CXX] RISCV/python/_m5/param_SimpleIntLink.cc -> .o
 [     CXX] RISCV/python/_m5/param_SimpleExtLink.cc -> .o
 [SO Param] m5.objects.SimpleNetwork, SimpleNetwork -> RISCV/params/SimpleNetwork.hh
 [SO Param] m5.objects.SimpleNetwork, BaseRoutingUnit -> RISCV/params/BaseRoutingUnit.hh
 [SO Param] m5.objects.SimpleNetwork, Switch -> RISCV/python/_m5/param_Switch.cc
 [SO Param] m5.objects.SimpleNetwork, Switch -> RISCV/params/Switch.hh
 [SO Param] m5.objects.SimpleNetwork, WeightBased -> RISCV/params/WeightBased.hh
 [     CXX] RISCV/python/_m5/param_SimpleNetwork.cc -> .o
 [     CXX] RISCV/python/_m5/param_BaseRoutingUnit.cc -> .o
 [     CXX] src/mem/ruby/network/simple/SimpleLink.cc -> RISCV/mem/ruby/network/simple/SimpleLink.o
 [     CXX] RISCV/python/_m5/param_Switch.cc -> .o
 [     CXX] RISCV/python/_m5/param_WeightBased.cc -> .o
 [     CXX] src/mem/ruby/network/simple/PerfectSwitch.cc -> RISCV/mem/ruby/network/simple/PerfectSwitch.o
 [     CXX] src/mem/ruby/network/simple/SimpleNetwork.cc -> RISCV/mem/ruby/network/simple/SimpleNetwork.o
 [     CXX] src/mem/ruby/network/simple/Switch.cc -> RISCV/mem/ruby/network/simple/Switch.o
 [     CXX] src/mem/ruby/network/simple/Throttle.cc -> RISCV/mem/ruby/network/simple/Throttle.o
 [     CXX] src/mem/ruby/network/simple/routing/WeightBased.cc -> RISCV/mem/ruby/network/simple/routing/WeightBased.o
 [     CXX] src/mem/ruby/profiler/AccessTraceForAddress.cc -> RISCV/mem/ruby/profiler/AccessTraceForAddress.o
 [MAKE INC] src/mem/ruby/slicc_interface/Message.hh -> RISCV/mem/ruby/protocol/Message.hh
 [MAKE INC] src/mem/ruby/slicc_interface/RubyRequest.hh -> RISCV/mem/ruby/protocol/RubyRequest.hh
 [     CXX] src/mem/ruby/profiler/AddressProfiler.cc -> RISCV/mem/ruby/profiler/AddressProfiler.o
 [CONFIG H] BUILD_GPU, 0 -> RISCV/config/build_gpu.hh
 [SO Param] m5.objects.Sequencer, RubySequencer -> RISCV/params/RubySequencer.hh
 [SO Param] m5.objects.RubyCache, RubyCache -> RISCV/params/RubyCache.hh
 [SO Param] m5.objects.Sequencer, RubyPort -> RISCV/params/RubyPort.hh
 [ CFG ISA]  -> RISCV/config/the_gpu_isa.hh
 [SO Param] m5.objects.DirectoryMemory, RubyDirectoryMemory -> RISCV/params/RubyDirectoryMemory.hh
 [     CXX] RISCV/mem/ruby/protocol/AccessPermission.cc -> .o
 [     CXX] RISCV/mem/ruby/protocol/AccessType.cc -> .o
 [     CXX] src/mem/ruby/profiler/Profiler.cc -> RISCV/mem/ruby/profiler/Profiler.o
 [     CXX] RISCV/mem/ruby/protocol/CacheRequestType.cc -> .o
 [     CXX] RISCV/mem/ruby/protocol/CacheResourceType.cc -> .o
 [     CXX] RISCV/mem/ruby/protocol/CoherenceRequestType.cc -> .o
 [     CXX] RISCV/mem/ruby/protocol/CoherenceResponseType.cc -> .o
 [MAKE INC] src/mem/ruby/common/DataBlock.hh -> RISCV/mem/ruby/protocol/DataBlock.hh
 [MAKE INC] src/mem/ruby/common/MachineID.hh -> RISCV/mem/ruby/protocol/MachineID.hh
 [MAKE INC] src/mem/ruby/common/NetDest.hh -> RISCV/mem/ruby/protocol/NetDest.hh
 [     CXX] RISCV/mem/ruby/protocol/DMARequestType.cc -> .o
 [     CXX] RISCV/mem/ruby/protocol/DMARequestMsg.cc -> .o
 [     CXX] RISCV/mem/ruby/protocol/DMAResponseMsg.cc -> .o
 [     CXX] RISCV/mem/ruby/protocol/DMAResponseType.cc -> .o
 [     CXX] RISCV/mem/ruby/protocol/DMASequencerRequestType.cc -> .o
 [MAKE INC] src/mem/ruby/structures/TBETable.hh -> RISCV/mem/ruby/protocol/TBETable.hh
 [SO Param] m5.objects.DMA_Controller, DMA_Controller -> RISCV/params/DMA_Controller.hh
 [MAKE INC] src/mem/ruby/common/BoolVec.hh -> RISCV/mem/ruby/protocol/BoolVec.hh
 [MAKE INC] src/mem/ruby/structures/CacheMemory.hh -> RISCV/mem/ruby/protocol/CacheMemory.hh
 [SO Param] m5.objects.Sequencer, DMASequencer -> RISCV/params/DMASequencer.hh
 [MAKE INC] src/mem/ruby/structures/DirectoryMemory.hh -> RISCV/mem/ruby/protocol/DirectoryMemory.hh
 [SO Param] m5.objects.Sequencer, RubyHTMSequencer -> RISCV/params/RubyHTMSequencer.hh
 [SO Param] m5.objects.RubyPrefetcher, RubyPrefetcher -> RISCV/params/RubyPrefetcher.hh
 [MAKE INC] src/mem/ruby/structures/RubyPrefetcherProxy.hh -> RISCV/mem/ruby/protocol/RubyPrefetcherProxy.hh
 [MAKE INC] src/mem/ruby/system/Sequencer.hh -> RISCV/mem/ruby/protocol/Sequencer.hh
 [MAKE INC] src/mem/ruby/common/Set.hh -> RISCV/mem/ruby/protocol/Set.hh
 [MAKE INC] src/mem/ruby/structures/TimerTable.hh -> RISCV/mem/ruby/protocol/TimerTable.hh
 [SO Param] m5.objects.WireBuffer, RubyWireBuffer -> RISCV/params/RubyWireBuffer.hh
 [MAKE INC] src/mem/ruby/common/WriteMask.hh -> RISCV/mem/ruby/protocol/WriteMask.hh
 [MAKE INC] src/mem/ruby/slicc_interface/AbstractCacheEntry.hh -> RISCV/mem/ruby/protocol/AbstractCacheEntry.hh
 [     CXX] RISCV/mem/ruby/protocol/DMA_Controller.py.cc -> .o
 [SO Param] m5.objects.DMA_Controller, DMA_Controller -> RISCV/python/_m5/param_DMA_Controller.cc
 [MAKE INC] src/mem/ruby/system/HTMSequencer.hh -> RISCV/mem/ruby/protocol/HTMSequencer.hh
 [     CXX] RISCV/mem/ruby/protocol/DMA_Event.cc -> .o
 [MAKE INC] src/mem/ruby/system/DMASequencer.hh -> RISCV/mem/ruby/protocol/DMASequencer.hh
 [     CXX] RISCV/mem/ruby/protocol/DMA_State.cc -> .o
 [MAKE INC] src/mem/ruby/structures/RubyPrefetcher.hh -> RISCV/mem/ruby/protocol/RubyPrefetcher.hh
 [     CXX] RISCV/mem/ruby/protocol/DMA_TBE.cc -> .o
 [     CXX] RISCV/mem/ruby/protocol/DirectoryRequestType.cc -> .o
 [MAKE INC] src/mem/ruby/structures/WireBuffer.hh -> RISCV/mem/ruby/protocol/WireBuffer.hh
 [     CXX] RISCV/mem/ruby/protocol/DMA_Transitions.cc -> .o
 [     CXX] RISCV/python/_m5/param_DMA_Controller.cc -> .o
 [     CXX] RISCV/mem/ruby/protocol/DMA_Wakeup.cc -> .o
 [     CXX] RISCV/mem/ruby/protocol/DMA_Controller.cc -> .o
 [SO Param] m5.objects.Directory_Controller, Directory_Controller -> RISCV/params/Directory_Controller.hh
 [     CXX] RISCV/mem/ruby/protocol/Directory_Controller.py.cc -> .o
 [     CXX] RISCV/mem/ruby/protocol/Directory_Controller.cc -> .o
 [SO Param] m5.objects.Directory_Controller, Directory_Controller -> RISCV/python/_m5/param_Directory_Controller.cc
 [     CXX] RISCV/mem/ruby/protocol/Directory_Entry.cc -> .o
 [     CXX] RISCV/mem/ruby/protocol/Directory_Event.cc -> .o
 [     CXX] RISCV/python/_m5/param_Directory_Controller.cc -> .o
 [     CXX] RISCV/mem/ruby/protocol/Directory_State.cc -> .o
 [     CXX] RISCV/mem/ruby/protocol/Directory_TBE.cc -> .o
 [     CXX] RISCV/mem/ruby/protocol/Directory_Transitions.cc -> .o
 [     CXX] RISCV/mem/ruby/protocol/Directory_Wakeup.cc -> .o
 [     CXX] RISCV/mem/ruby/protocol/HtmCallbackMode.cc -> .o
 [     CXX] RISCV/mem/ruby/protocol/HtmFailedInCacheReason.cc -> .o
 [     CXX] RISCV/mem/ruby/protocol/InvalidateGeneratorStatus.cc -> .o
 [SO Param] m5.objects.L1Cache_Controller, L1Cache_Controller -> RISCV/params/L1Cache_Controller.hh
 [     CXX] RISCV/mem/ruby/protocol/L1Cache_Controller.cc -> .o
 [     CXX] RISCV/mem/ruby/protocol/L1Cache_Controller.py.cc -> .o
 [SO Param] m5.objects.L1Cache_Controller, L1Cache_Controller -> RISCV/python/_m5/param_L1Cache_Controller.cc
 [     CXX] RISCV/mem/ruby/protocol/L1Cache_Entry.cc -> .o
 [     CXX] RISCV/mem/ruby/protocol/L1Cache_Event.cc -> .o
 [     CXX] RISCV/mem/ruby/protocol/L1Cache_State.cc -> .o
 [     CXX] RISCV/mem/ruby/protocol/L1Cache_TBE.cc -> .o
 [     CXX] RISCV/mem/ruby/protocol/L1Cache_Transitions.cc -> .o
 [     CXX] RISCV/python/_m5/param_L1Cache_Controller.cc -> .o
 [     CXX] RISCV/mem/ruby/protocol/L1Cache_Wakeup.cc -> .o
 [     CXX] RISCV/mem/ruby/protocol/LinkDirection.cc -> .o
 [     CXX] RISCV/mem/ruby/protocol/LockStatus.cc -> .o
 [     CXX] RISCV/mem/ruby/protocol/MachineType.cc -> .o
 [     CXX] RISCV/mem/ruby/protocol/MaskPredictorIndex.cc -> .o
 [     CXX] RISCV/mem/ruby/protocol/MaskPredictorTraining.cc -> .o
 [     CXX] RISCV/mem/ruby/protocol/MaskPredictorType.cc -> .o
 [     CXX] RISCV/mem/ruby/protocol/MemoryControlRequestType.cc -> .o
 [     CXX] RISCV/mem/ruby/protocol/MemoryMsg.cc -> .o
 [     CXX] RISCV/mem/ruby/protocol/MemoryRequestType.cc -> .o
 [     CXX] RISCV/mem/ruby/protocol/MessageSizeType.cc -> .o
 [     CXX] RISCV/mem/ruby/protocol/PrefetchBit.cc -> .o
 [     CXX] RISCV/mem/ruby/protocol/RequestMsg.cc -> .o
 [     CXX] RISCV/mem/ruby/protocol/RequestStatus.cc -> .o
 [     CXX] RISCV/mem/ruby/protocol/ResponseMsg.cc -> .o
 [     CXX] RISCV/mem/ruby/protocol/RubyAccessMode.cc -> .o
 [     CXX] RISCV/mem/ruby/protocol/RubyRequestType.cc -> .o
 [     CXX] RISCV/mem/ruby/protocol/SequencerMsg.cc -> .o
 [     CXX] RISCV/mem/ruby/protocol/SequencerRequestType.cc -> .o
 [     CXX] RISCV/mem/ruby/protocol/SequencerStatus.cc -> .o
 [     CXX] RISCV/mem/ruby/protocol/SeriesRequestGeneratorStatus.cc -> .o
 [     CXX] RISCV/mem/ruby/protocol/TesterStatus.cc -> .o
 [     CXX] RISCV/mem/ruby/protocol/TransitionResult.cc -> .o
 [     CXX] RISCV/mem/ruby/slicc_interface/Controller.py.cc -> .o
 [SO Param] m5.objects.Controller, RubyController -> RISCV/python/_m5/param_RubyController.cc
 [     CXX] src/mem/ruby/slicc_interface/AbstractController.cc -> RISCV/mem/ruby/slicc_interface/AbstractController.o
 [     CXX] src/mem/ruby/slicc_interface/AbstractCacheEntry.cc -> RISCV/mem/ruby/slicc_interface/AbstractCacheEntry.o
 [     CXX] src/mem/ruby/slicc_interface/RubyRequest.cc -> RISCV/mem/ruby/slicc_interface/RubyRequest.o
 [     CXX] RISCV/python/_m5/param_RubyController.cc -> .o
 [     CXX] RISCV/mem/ruby/structures/RubyCache.py.cc -> .o
 [SO Param] m5.objects.RubyCache, RubyCache -> RISCV/python/_m5/param_RubyCache.cc
 [     CXX] RISCV/mem/ruby/structures/DirectoryMemory.py.cc -> .o
 [SO Param] m5.objects.DirectoryMemory, RubyDirectoryMemory -> RISCV/python/_m5/param_RubyDirectoryMemory.cc
 [     CXX] RISCV/mem/ruby/structures/RubyPrefetcher.py.cc -> .o
 [     CXX] RISCV/python/_m5/param_RubyCache.cc -> .o
 [     CXX] RISCV/python/_m5/param_RubyDirectoryMemory.cc -> .o
 [SO Param] m5.objects.RubyPrefetcher, RubyPrefetcher -> RISCV/python/_m5/param_RubyPrefetcher.cc
 [     CXX] RISCV/mem/ruby/structures/WireBuffer.py.cc -> .o
 [SO Param] m5.objects.WireBuffer, RubyWireBuffer -> RISCV/python/_m5/param_RubyWireBuffer.cc
 [     CXX] RISCV/python/_m5/param_RubyPrefetcher.cc -> .o
 [     CXX] RISCV/python/_m5/param_RubyWireBuffer.cc -> .o
 [     CXX] src/mem/ruby/structures/DirectoryMemory.cc -> RISCV/mem/ruby/structures/DirectoryMemory.o
 [     CXX] src/mem/ruby/structures/CacheMemory.cc -> RISCV/mem/ruby/structures/CacheMemory.o
 [     CXX] src/mem/ruby/structures/WireBuffer.cc -> RISCV/mem/ruby/structures/WireBuffer.o
 [     CXX] src/mem/ruby/structures/PersistentTable.cc -> RISCV/mem/ruby/structures/PersistentTable.o
 [     CXX] src/mem/ruby/structures/RubyPrefetcher.cc -> RISCV/mem/ruby/structures/RubyPrefetcher.o
 [     CXX] src/mem/ruby/structures/RubyPrefetcherProxy.cc -> RISCV/mem/ruby/structures/RubyPrefetcherProxy.o
 [     CXX] src/mem/ruby/structures/TimerTable.cc -> RISCV/mem/ruby/structures/TimerTable.o
 [     CXX] src/mem/ruby/structures/BankedArray.cc -> RISCV/mem/ruby/structures/BankedArray.o
 [     CXX] src/mem/ruby/structures/ALUFreeListArray.cc -> RISCV/mem/ruby/structures/ALUFreeListArray.o
 [     CXX] RISCV/mem/ruby/system/RubySystem.py.cc -> .o
 [SO Param] m5.objects.RubySystem, RubySystem -> RISCV/python/_m5/param_RubySystem.cc
 [     CXX] RISCV/mem/ruby/system/Sequencer.py.cc -> .o
 [SO Param] m5.objects.Sequencer, RubyPort -> RISCV/python/_m5/param_RubyPort.cc
 [SO Param] m5.objects.Sequencer, RubyPortProxy -> RISCV/python/_m5/param_RubyPortProxy.cc
 [     CXX] RISCV/python/_m5/param_RubySystem.cc -> .o
 [SO Param] m5.objects.Sequencer, RubySequencer -> RISCV/python/_m5/param_RubySequencer.cc
 [SO Param] m5.objects.Sequencer, RubyHTMSequencer -> RISCV/python/_m5/param_RubyHTMSequencer.cc
 [     CXX] RISCV/python/_m5/param_RubyPort.cc -> .o
 [SO Param] m5.objects.Sequencer, RubyPortProxy -> RISCV/params/RubyPortProxy.hh
 [     CXX] RISCV/python/_m5/param_RubySequencer.cc -> .o
 [     CXX] RISCV/python/_m5/param_RubyHTMSequencer.cc -> .o
 [     CXX] RISCV/python/_m5/param_RubyPortProxy.cc -> .o
 [SO Param] m5.objects.Sequencer, DMASequencer -> RISCV/python/_m5/param_DMASequencer.cc
 [     CXX] src/mem/ruby/system/CacheRecorder.cc -> RISCV/mem/ruby/system/CacheRecorder.o
 [     CXX] src/mem/ruby/system/DMASequencer.cc -> RISCV/mem/ruby/system/DMASequencer.o
 [     CXX] src/mem/ruby/system/HTMSequencer.cc -> RISCV/mem/ruby/system/HTMSequencer.o
 [     CXX] RISCV/python/_m5/param_DMASequencer.cc -> .o
 [     CXX] src/mem/ruby/system/RubyPort.cc -> RISCV/mem/ruby/system/RubyPort.o
 [     CXX] src/mem/ruby/system/RubyPortProxy.cc -> RISCV/mem/ruby/system/RubyPortProxy.o
 [     CXX] src/mem/ruby/system/RubySystem.cc -> RISCV/mem/ruby/system/RubySystem.o
 [     CXX] src/mem/ruby/system/Sequencer.cc -> RISCV/mem/ruby/system/Sequencer.o
 [     CXX] RISCV/python/gem5/__init__.py.cc -> .o
 [     CXX] RISCV/python/gem5/coherence_protocol.py.cc -> .o
 [     CXX] RISCV/python/gem5/isas.py.cc -> .o
 [     CXX] RISCV/python/gem5/runtime.py.cc -> .o
 [     CXX] RISCV/python/gem5/simulate/__init__.py.cc -> .o
 [     CXX] RISCV/python/gem5/simulate/simulator.py.cc -> .o
 [     CXX] RISCV/python/gem5/simulate/exit_event.py.cc -> .o
 [     CXX] RISCV/python/gem5/simulate/exit_event_generators.py.cc -> .o
 [     CXX] RISCV/python/gem5/components/__init__.py.cc -> .o
 [     CXX] RISCV/python/gem5/components/boards/__init__.py.cc -> .o
 [     CXX] RISCV/python/gem5/components/boards/abstract_board.py.cc -> .o
 [     CXX] RISCV/python/gem5/components/boards/abstract_system_board.py.cc -> .o
 [     CXX] RISCV/python/gem5/components/boards/mem_mode.py.cc -> .o
 [     CXX] RISCV/python/gem5/components/boards/riscv_board.py.cc -> .o
 [     CXX] RISCV/python/gem5/components/boards/experimental/__init__.py.cc -> .o
 [     CXX] RISCV/python/gem5/components/boards/experimental/lupv_board.py.cc -> .o
 [     CXX] RISCV/python/gem5/components/boards/simple_board.py.cc -> .o
 [     CXX] RISCV/python/gem5/components/boards/test_board.py.cc -> .o
 [     CXX] RISCV/python/gem5/components/boards/x86_board.py.cc -> .o
 [     CXX] RISCV/python/gem5/components/boards/arm_board.py.cc -> .o
 [     CXX] RISCV/python/gem5/components/boards/kernel_disk_workload.py.cc -> .o
 [     CXX] RISCV/python/gem5/components/boards/se_binary_workload.py.cc -> .o
 [     CXX] RISCV/python/gem5/components/cachehierarchies/__init__.py.cc -> .o
 [     CXX] RISCV/python/gem5/components/cachehierarchies/abstract_cache_hierarchy.py.cc -> .o
 [     CXX] RISCV/python/gem5/components/cachehierarchies/abstract_two_level_cache_hierarchy.py.cc -> .o
 [     CXX] RISCV/python/gem5/components/cachehierarchies/abstract_three_level_cache_hierarchy.py.cc -> .o
 [     CXX] RISCV/python/gem5/components/cachehierarchies/chi/__init__.py.cc -> .o
 [     CXX] RISCV/python/gem5/components/cachehierarchies/chi/private_l1_cache_hierarchy.py.cc -> .o
 [     CXX] RISCV/python/gem5/components/cachehierarchies/chi/nodes/__init__.py.cc -> .o
 [     CXX] RISCV/python/gem5/components/cachehierarchies/chi/nodes/abstract_node.py.cc -> .o
 [     CXX] RISCV/python/gem5/components/cachehierarchies/chi/nodes/directory.py.cc -> .o
 [     CXX] RISCV/python/gem5/components/cachehierarchies/chi/nodes/dma_requestor.py.cc -> .o
 [     CXX] RISCV/python/gem5/components/cachehierarchies/chi/nodes/private_l1_moesi_cache.py.cc -> .o
 [     CXX] RISCV/python/gem5/components/cachehierarchies/chi/nodes/memory_controller.py.cc -> .o
 [     CXX] RISCV/python/gem5/components/cachehierarchies/classic/__init__.py.cc -> .o
 [     CXX] RISCV/python/gem5/components/cachehierarchies/classic/abstract_classic_cache_hierarchy.py.cc -> .o
 [     CXX] RISCV/python/gem5/components/cachehierarchies/classic/no_cache.py.cc -> .o
 [     CXX] RISCV/python/gem5/components/cachehierarchies/classic/private_l1_cache_hierarchy.py.cc -> .o
 [     CXX] RISCV/python/gem5/components/cachehierarchies/classic/private_l1_private_l2_cache_hierarchy.py.cc -> .o
 [     CXX] RISCV/python/gem5/components/cachehierarchies/classic/private_l1_private_l2_walk_cache_hierarchy.py.cc -> .o
 [     CXX] RISCV/python/gem5/components/cachehierarchies/classic/private_l1_shared_l2_cache_hierarchy.py.cc -> .o
 [     CXX] RISCV/python/gem5/components/cachehierarchies/classic/caches/__init__.py.cc -> .o
 [     CXX] RISCV/python/gem5/components/cachehierarchies/classic/caches/l1dcache.py.cc -> .o
 [     CXX] RISCV/python/gem5/components/cachehierarchies/classic/caches/l1icache.py.cc -> .o
 [     CXX] RISCV/python/gem5/components/cachehierarchies/classic/caches/l2cache.py.cc -> .o
 [     CXX] RISCV/python/gem5/components/cachehierarchies/classic/caches/mmu_cache.py.cc -> .o
 [     CXX] RISCV/python/gem5/components/cachehierarchies/ruby/__init__.py.cc -> .o
 [     CXX] RISCV/python/gem5/components/cachehierarchies/ruby/abstract_ruby_cache_hierarchy.py.cc -> .o
 [     CXX] RISCV/python/gem5/components/cachehierarchies/ruby/mesi_two_level_cache_hierarchy.py.cc -> .o
 [     CXX] RISCV/python/gem5/components/cachehierarchies/ruby/mesi_three_level_cache_hierarchy.py.cc -> .o
 [     CXX] RISCV/python/gem5/components/cachehierarchies/ruby/mi_example_cache_hierarchy.py.cc -> .o
 [     CXX] RISCV/python/gem5/components/cachehierarchies/ruby/caches/__init__.py.cc -> .o
 [     CXX] RISCV/python/gem5/components/cachehierarchies/ruby/caches/abstract_directory.py.cc -> .o
 [     CXX] RISCV/python/gem5/components/cachehierarchies/ruby/caches/abstract_dma_controller.py.cc -> .o
 [     CXX] RISCV/python/gem5/components/cachehierarchies/ruby/caches/abstract_l1_cache.py.cc -> .o
 [     CXX] RISCV/python/gem5/components/cachehierarchies/ruby/caches/abstract_l2_cache.py.cc -> .o
 [     CXX] RISCV/python/gem5/components/cachehierarchies/ruby/caches/mesi_two_level/__init__.py.cc -> .o
 [     CXX] RISCV/python/gem5/components/cachehierarchies/ruby/caches/mesi_two_level/directory.py.cc -> .o
 [     CXX] RISCV/python/gem5/components/cachehierarchies/ruby/caches/mesi_two_level/dma_controller.py.cc -> .o
 [     CXX] RISCV/python/gem5/components/cachehierarchies/ruby/caches/mesi_two_level/l1_cache.py.cc -> .o
 [     CXX] RISCV/python/gem5/components/cachehierarchies/ruby/caches/mesi_two_level/l2_cache.py.cc -> .o
 [     CXX] RISCV/python/gem5/components/cachehierarchies/ruby/caches/mesi_three_level/__init__.py.cc -> .o
 [     CXX] RISCV/python/gem5/components/cachehierarchies/ruby/caches/mesi_three_level/directory.py.cc -> .o
 [     CXX] RISCV/python/gem5/components/cachehierarchies/ruby/caches/mesi_three_level/dma_controller.py.cc -> .o
 [     CXX] RISCV/python/gem5/components/cachehierarchies/ruby/caches/mesi_three_level/l1_cache.py.cc -> .o
 [     CXX] RISCV/python/gem5/components/cachehierarchies/ruby/caches/mesi_three_level/l2_cache.py.cc -> .o
 [     CXX] RISCV/python/gem5/components/cachehierarchies/ruby/caches/mesi_three_level/l3_cache.py.cc -> .o
 [     CXX] RISCV/python/gem5/components/cachehierarchies/ruby/caches/prebuilt/octopi_cache/octopi.py.cc -> .o
 [     CXX] RISCV/python/gem5/components/cachehierarchies/ruby/caches/prebuilt/octopi_cache/core_complex.py.cc -> .o
 [     CXX] RISCV/python/gem5/components/cachehierarchies/ruby/caches/prebuilt/octopi_cache/octopi_network.py.cc -> .o
 [     CXX] RISCV/python/gem5/components/cachehierarchies/ruby/caches/prebuilt/octopi_cache/ruby_network_components.py.cc -> .o
 [     CXX] RISCV/python/gem5/components/cachehierarchies/ruby/caches/mi_example/__init__.py.cc -> .o
 [     CXX] RISCV/python/gem5/components/cachehierarchies/ruby/caches/mi_example/directory.py.cc -> .o
 [     CXX] RISCV/python/gem5/components/cachehierarchies/ruby/caches/mi_example/dma_controller.py.cc -> .o
 [     CXX] RISCV/python/gem5/components/cachehierarchies/ruby/caches/mi_example/l1_cache.py.cc -> .o
 [     CXX] RISCV/python/gem5/components/cachehierarchies/ruby/topologies/__init__.py.cc -> .o
 [     CXX] RISCV/python/gem5/components/cachehierarchies/ruby/topologies/simple_pt2pt.py.cc -> .o
 [     CXX] RISCV/python/gem5/components/memory/__init__.py.cc -> .o
 [     CXX] RISCV/python/gem5/components/memory/abstract_memory_system.py.cc -> .o
 [     CXX] RISCV/python/gem5/components/memory/dramsim_3.py.cc -> .o
 [     CXX] RISCV/python/gem5/components/memory/simple.py.cc -> .o
 [     CXX] RISCV/python/gem5/components/memory/memory.py.cc -> .o
 [     CXX] RISCV/python/gem5/components/memory/single_channel.py.cc -> .o
 [     CXX] RISCV/python/gem5/components/memory/multi_channel.py.cc -> .o
 [     CXX] RISCV/python/gem5/components/memory/hbm.py.cc -> .o
 [     CXX] RISCV/python/gem5/components/memory/dram_interfaces/__init__.py.cc -> .o
 [     CXX] RISCV/python/gem5/components/memory/dram_interfaces/ddr3.py.cc -> .o
 [     CXX] RISCV/python/gem5/components/memory/dram_interfaces/ddr4.py.cc -> .o
 [     CXX] RISCV/python/gem5/components/memory/dram_interfaces/ddr5.py.cc -> .o
 [     CXX] RISCV/python/gem5/components/memory/dram_interfaces/gddr.py.cc -> .o
 [     CXX] RISCV/python/gem5/components/memory/dram_interfaces/hbm.py.cc -> .o
 [     CXX] RISCV/python/gem5/components/memory/dram_interfaces/hmc.py.cc -> .o
 [     CXX] RISCV/python/gem5/components/memory/dram_interfaces/lpddr2.py.cc -> .o
 [     CXX] RISCV/python/gem5/components/memory/dram_interfaces/lpddr3.py.cc -> .o
 [     CXX] RISCV/python/gem5/components/memory/dram_interfaces/lpddr5.py.cc -> .o
 [     CXX] RISCV/python/gem5/components/memory/dram_interfaces/wideio.py.cc -> .o
 [     CXX] RISCV/python/gem5/components/processors/__init__.py.cc -> .o
 [     CXX] RISCV/python/gem5/components/processors/abstract_core.py.cc -> .o
 [     CXX] RISCV/python/gem5/components/processors/abstract_generator_core.py.cc -> .o
 [     CXX] RISCV/python/gem5/components/processors/abstract_generator.py.cc -> .o
 [     CXX] RISCV/python/gem5/components/processors/abstract_processor.py.cc -> .o
 [     CXX] RISCV/python/gem5/components/processors/complex_generator_core.py.cc -> .o
 [     CXX] RISCV/python/gem5/components/processors/complex_generator.py.cc -> .o
 [     CXX] RISCV/python/gem5/components/processors/cpu_types.py.cc -> .o
 [     CXX] RISCV/python/gem5/components/processors/gups_generator_core.py.cc -> .o
 [     CXX] RISCV/python/gem5/components/processors/gups_generator.py.cc -> .o
 [     CXX] RISCV/python/gem5/components/processors/gups_generator_ep.py.cc -> .o
 [     CXX] RISCV/python/gem5/components/processors/gups_generator_par.py.cc -> .o
 [     CXX] RISCV/python/gem5/components/processors/linear_generator_core.py.cc -> .o
 [     CXX] RISCV/python/gem5/components/processors/linear_generator.py.cc -> .o
 [     CXX] RISCV/python/gem5/components/processors/strided_generator_core.py.cc -> .o
 [     CXX] RISCV/python/gem5/components/processors/strided_generator.py.cc -> .o
 [     CXX] RISCV/python/gem5/components/processors/random_generator_core.py.cc -> .o
 [     CXX] RISCV/python/gem5/components/processors/random_generator.py.cc -> .o
 [     CXX] RISCV/python/gem5/components/processors/simple_core.py.cc -> .o
 [     CXX] RISCV/python/gem5/components/processors/base_cpu_core.py.cc -> .o
 [     CXX] RISCV/python/gem5/components/processors/simple_processor.py.cc -> .o
 [     CXX] RISCV/python/gem5/components/processors/base_cpu_processor.py.cc -> .o
 [     CXX] RISCV/python/gem5/components/processors/simple_switchable_processor.py.cc -> .o
 [     CXX] RISCV/python/gem5/components/processors/switchable_processor.py.cc -> .o
 [     CXX] RISCV/python/gem5/utils/simpoint.py.cc -> .o
 [     CXX] RISCV/python/gem5/components/processors/traffic_generator_core.py.cc -> .o
 [     CXX] RISCV/python/gem5/components/processors/traffic_generator.py.cc -> .o
 [     CXX] RISCV/python/gem5/prebuilt/__init__.py.cc -> .o
 [     CXX] RISCV/python/gem5/prebuilt/demo/__init__.py.cc -> .o
 [     CXX] RISCV/python/gem5/prebuilt/demo/x86_demo_board.py.cc -> .o
 [     CXX] RISCV/python/gem5/prebuilt/riscvmatched/__init__.py.cc -> .o
 [     CXX] RISCV/python/gem5/prebuilt/riscvmatched/riscvmatched_board.py.cc -> .o
 [     CXX] RISCV/python/gem5/prebuilt/riscvmatched/riscvmatched_cache.py.cc -> .o
 [     CXX] RISCV/python/gem5/prebuilt/riscvmatched/riscvmatched_processor.py.cc -> .o
 [     CXX] RISCV/python/gem5/prebuilt/riscvmatched/riscvmatched_core.py.cc -> .o
 [     CXX] RISCV/python/gem5/resources/__init__.py.cc -> .o
 [     CXX] RISCV/python/gem5/resources/client.py.cc -> .o
 [     CXX] RISCV/python/gem5/resources/downloader.py.cc -> .o
 [     CXX] RISCV/python/gem5/resources/md5_utils.py.cc -> .o
 [     CXX] RISCV/python/gem5/resources/resource.py.cc -> .o
 [     CXX] RISCV/python/gem5/resources/workload.py.cc -> .o
 [     CXX] RISCV/python/gem5/resources/looppoint.py.cc -> .o
 [     CXX] RISCV/python/gem5/resources/elfie.py.cc -> .o
 [     CXX] RISCV/python/gem5/resources/client_api/__init__.py.cc -> .o
 [     CXX] RISCV/python/gem5/resources/client_api/jsonclient.py.cc -> .o
 [     CXX] RISCV/python/gem5/resources/client_api/atlasclient.py.cc -> .o
 [     CXX] RISCV/python/gem5/resources/client_api/abstract_client.py.cc -> .o
 [     CXX] RISCV/python/gem5/resources/client_api/client_query.py.cc -> .o
 [     CXX] RISCV/python/gem5_default_config.py.cc -> .o
 [     CXX] RISCV/python/gem5/utils/__init__.py.cc -> .o
 [     CXX] RISCV/python/gem5/utils/filelock.py.cc -> .o
 [     CXX] RISCV/python/gem5/utils/override.py.cc -> .o
 [     CXX] RISCV/python/gem5/utils/progress_bar.py.cc -> .o
 [     CXX] RISCV/python/gem5/utils/requires.py.cc -> .o
 [     CXX] RISCV/python/gem5/utils/socks_ssl_context.py.cc -> .o
 [     CXX] RISCV/python/gem5/utils/multiprocessing/__init__.py.cc -> .o
 [     CXX] RISCV/python/gem5/utils/multiprocessing/_command_line.py.cc -> .o
 [     CXX] RISCV/python/gem5/utils/multiprocessing/context.py.cc -> .o
 [     CXX] RISCV/python/gem5/utils/multiprocessing/popen_spawn_gem5.py.cc -> .o
 [     CXX] RISCV/python/importer.py.cc -> .o
 [     CXX] RISCV/python/m5/__init__.py.cc -> .o
 [     CXX] RISCV/python/m5/SimObject.py.cc -> .o
 [     CXX] RISCV/python/m5/citations.py.cc -> .o
 [     CXX] RISCV/python/m5/core.py.cc -> .o
 [     CXX] RISCV/python/m5/debug.py.cc -> .o
 [     CXX] RISCV/python/m5/event.py.cc -> .o
 [     CXX] RISCV/python/m5/main.py.cc -> .o
 [     CXX] RISCV/python/m5/options.py.cc -> .o
 [     CXX] RISCV/python/m5/params.py.cc -> .o
 [     CXX] RISCV/python/m5/proxy.py.cc -> .o
 [     CXX] RISCV/python/m5/simulate.py.cc -> .o
 [     CXX] RISCV/python/m5/ticks.py.cc -> .o
 [     CXX] RISCV/python/m5/trace.py.cc -> .o
 [     CXX] RISCV/python/m5/objects/__init__.py.cc -> .o
 [     CXX] RISCV/python/m5/stats/__init__.py.cc -> .o
 [     CXX] RISCV/python/m5/util/__init__.py.cc -> .o
 [     CXX] RISCV/python/m5/util/attrdict.py.cc -> .o
 [     CXX] RISCV/python/m5/util/convert.py.cc -> .o
 [     CXX] RISCV/python/m5/util/dot_writer.py.cc -> .o
 [     CXX] RISCV/python/m5/util/dot_writer_ruby.py.cc -> .o
 [     CXX] RISCV/python/m5/util/fdthelper.py.cc -> .o
 [     CXX] RISCV/python/m5/util/multidict.py.cc -> .o
 [     CXX] RISCV/python/m5/util/pybind.py.cc -> .o
 [     CXX] RISCV/python/m5/util/terminal.py.cc -> .o
 [     CXX] RISCV/python/m5/util/terminal_formatter.py.cc -> .o
 [     CXX] RISCV/python/m5/internal/__init__.py.cc -> .o
 [     CXX] RISCV/python/m5/internal/params.py.cc -> .o
 [     CXX] RISCV/python/m5/ext/__init__.py.cc -> .o
 [     CXX] RISCV/python/m5/ext/pyfdt/pyfdt.py.cc -> .o
 [     CXX] RISCV/python/m5/ext/pyfdt/__init__.py.cc -> .o
 [     CXX] RISCV/python/m5/ext/pystats/__init__.py.cc -> .o
 [     CXX] RISCV/python/m5/ext/pystats/serializable_stat.py.cc -> .o
 [     CXX] RISCV/python/m5/ext/pystats/abstract_stat.py.cc -> .o
 [     CXX] RISCV/python/m5/ext/pystats/group.py.cc -> .o
 [     CXX] RISCV/python/m5/ext/pystats/simstat.py.cc -> .o
 [     CXX] RISCV/python/m5/ext/pystats/statistic.py.cc -> .o
 [     CXX] RISCV/python/m5/ext/pystats/storagetype.py.cc -> .o
 [     CXX] RISCV/python/m5/ext/pystats/timeconversion.py.cc -> .o
 [     CXX] RISCV/python/m5/ext/pystats/jsonloader.py.cc -> .o
 [     CXX] RISCV/python/m5/stats/gem5stats.py.cc -> .o
 [     CXX] src/python/importer.cc -> RISCV/python/importer.o
 [     CXX] RISCV/python/m5ImporterCode.cc -> .o
 [CONFIG H] HAVE_HDF5, 1 -> RISCV/config/have_hdf5.hh
 [     CXX] RISCV/python/m5/objects/SimObject.py.cc -> .o
 [SO Param] m5.objects.SimObject, SimObject -> RISCV/python/_m5/param_SimObject.cc
 [ENUM STR] m5.objects.SimObject, ByteOrder -> RISCV/enums/ByteOrder.cc
 [     CXX] RISCV/sim/ClockedObject.py.cc -> .o
 [SO Param] m5.objects.ClockedObject, ClockedObject -> RISCV/python/_m5/param_ClockedObject.cc
 [     CXX] RISCV/sim/TickedObject.py.cc -> .o
 [SO Param] m5.objects.TickedObject, TickedObject -> RISCV/python/_m5/param_TickedObject.cc
 [     CXX] RISCV/sim/Workload.py.cc -> .o
 [SO Param] m5.objects.Workload, Workload -> RISCV/python/_m5/param_Workload.cc
 [SO Param] m5.objects.Workload, StubWorkload -> RISCV/python/_m5/param_StubWorkload.cc
 [SO Param] m5.objects.TickedObject, TickedObject -> RISCV/params/TickedObject.hh
 [SO Param] m5.objects.Workload, KernelWorkload -> RISCV/python/_m5/param_KernelWorkload.cc
 [SO Param] m5.objects.Workload, SEWorkload -> RISCV/python/_m5/param_SEWorkload.cc
 [ENUM STR] m5.objects.Workload, KernelPanicOopsBehaviour -> RISCV/enums/KernelPanicOopsBehaviour.cc
 [     CXX] RISCV/sim/Root.py.cc -> .o
 [SO Param] m5.objects.Root, Root -> RISCV/python/_m5/param_Root.cc
 [     CXX] RISCV/sim/ClockDomain.py.cc -> .o
 [SO Param] m5.objects.ClockDomain, ClockDomain -> RISCV/python/_m5/param_ClockDomain.cc
 [SO Param] m5.objects.ClockDomain, SrcClockDomain -> RISCV/python/_m5/param_SrcClockDomain.cc
 [SO Param] m5.objects.ClockDomain, DerivedClockDomain -> RISCV/python/_m5/param_DerivedClockDomain.cc
 [     CXX] RISCV/sim/VoltageDomain.py.cc -> .o
 [SO Param] m5.objects.VoltageDomain, VoltageDomain -> RISCV/python/_m5/param_VoltageDomain.cc
 [     CXX] RISCV/sim/System.py.cc -> .o
 [SO Param] m5.objects.System, System -> RISCV/python/_m5/param_System.cc
 [ENUM STR] m5.objects.System, MemoryMode -> RISCV/enums/MemoryMode.cc
 [     CXX] RISCV/sim/DVFSHandler.py.cc -> .o
 [SO Param] m5.objects.DVFSHandler, DVFSHandler -> RISCV/python/_m5/param_DVFSHandler.cc
 [     CXX] RISCV/sim/SubSystem.py.cc -> .o
 [SO Param] m5.objects.DVFSHandler, DVFSHandler -> RISCV/params/DVFSHandler.hh
 [ TRACING]  -> RISCV/debug/DVFS.hh
 [SO Param] m5.objects.SubSystem, SubSystem -> RISCV/python/_m5/param_SubSystem.cc
 [     CXX] RISCV/sim/RedirectPath.py.cc -> .o
 [SO Param] m5.objects.RedirectPath, RedirectPath -> RISCV/python/_m5/param_RedirectPath.cc
 [     CXX] RISCV/sim/PowerState.py.cc -> .o
 [SO Param] m5.objects.PowerState, PowerState -> RISCV/python/_m5/param_PowerState.cc
 [ENUM STR] m5.objects.PowerState, PwrState -> RISCV/enums/PwrState.cc
 [     CXX] RISCV/sim/PowerDomain.py.cc -> .o
 [SO Param] m5.objects.PowerDomain, PowerDomain -> RISCV/python/_m5/param_PowerDomain.cc
 [     CXX] RISCV/sim/SignalPort.py.cc -> .o
 [VER TAGS]  -> RISCV/sim/tags.cc
 [ TRACING]  -> RISCV/debug/CxxConfig.hh
 [ TRACING]  -> RISCV/debug/TimeSync.hh
 [ TRACING]  -> RISCV/debug/ClockDomain.hh
 [ TRACING]  -> RISCV/debug/VoltageDomain.hh
 [SO Param] m5.objects.PowerDomain, PowerDomain -> RISCV/params/PowerDomain.hh
 [ TRACING]  -> RISCV/debug/WorkItems.hh
 [ TRACING]  -> RISCV/debug/PowerDomain.hh
 [     CXX] RISCV/sim/InstTracer.py.cc -> .o
 [SO Param] m5.objects.InstTracer, InstTracer -> RISCV/python/_m5/param_InstTracer.cc
 [SO Param] m5.objects.InstTracer, InstDisassembler -> RISCV/python/_m5/param_InstDisassembler.cc
 [     CXX] RISCV/sim/Process.py.cc -> .o
 [SO Param] m5.objects.Process, Process -> RISCV/python/_m5/param_Process.cc
 [SO Param] m5.objects.Process, EmulatedDriver -> RISCV/python/_m5/param_EmulatedDriver.cc
 [ TRACING]  -> RISCV/debug/Checkpoint.cc
 [ TRACING]  -> RISCV/debug/Config.cc
 [ TRACING]  -> RISCV/debug/CxxConfig.cc
 [ TRACING]  -> RISCV/debug/Drain.cc
 [ TRACING]  -> RISCV/debug/Event.cc
 [ TRACING]  -> RISCV/debug/Flow.cc
 [ TRACING]  -> RISCV/debug/IPI.cc
 [ TRACING]  -> RISCV/debug/IPR.cc
 [ TRACING]  -> RISCV/debug/Interrupt.cc
 [ TRACING]  -> RISCV/debug/Loader.cc
 [ TRACING]  -> RISCV/debug/PseudoInst.cc
 [ TRACING]  -> RISCV/debug/IPR.hh
 [ TRACING]  -> RISCV/debug/Stack.cc
 [ TRACING]  -> RISCV/debug/Flow.hh
 [ TRACING]  -> RISCV/debug/IPI.hh
 [ TRACING]  -> RISCV/debug/SyscallBase.cc
 [ TRACING]  -> RISCV/debug/SyscallVerbose.cc
 [ TRACING]  -> RISCV/debug/TimeSync.cc
 [ TRACING]  -> RISCV/debug/Thread.cc
 [ TRACING]  -> RISCV/debug/Timer.cc
 [ TRACING]  -> RISCV/debug/VtoPhys.cc
 [ TRACING]  -> RISCV/debug/WorkItems.cc
 [ TRACING]  -> RISCV/debug/ClockDomain.cc
 [ TRACING]  -> RISCV/debug/VoltageDomain.cc
 [ TRACING]  -> RISCV/debug/VtoPhys.hh
 [ TRACING]  -> RISCV/debug/DVFS.cc
 [ TRACING]  -> RISCV/debug/Timer.hh
 [ TRACING]  -> RISCV/debug/Vma.cc
 [ TRACING]  -> RISCV/debug/PowerDomain.cc
 [ TRACING]  -> RISCV/debug/SyscallAll.cc
 [     CXX] RISCV/sim/power/MathExprPowerModel.py.cc -> .o
 [SO Param] m5.objects.MathExprPowerModel, MathExprPowerModel -> RISCV/python/_m5/param_MathExprPowerModel.cc
 [     CXX] RISCV/sim/power/PowerModel.py.cc -> .o
 [SO Param] m5.objects.PowerModel, PowerModel -> RISCV/python/_m5/param_PowerModel.cc
 [ TRACING]  -> RISCV/debug/SyscallAll.hh
 [ENUM STR] m5.objects.PowerModel, PMType -> RISCV/enums/PMType.cc
 [     CXX] RISCV/sim/power/PowerModelState.py.cc -> .o
 [SO Param] m5.objects.PowerModelState, PowerModelState -> RISCV/python/_m5/param_PowerModelState.cc
 [     CXX] RISCV/sim/power/ThermalDomain.py.cc -> .o
 [SO Param] m5.objects.MathExprPowerModel, MathExprPowerModel -> RISCV/params/MathExprPowerModel.hh
 [SO Param] m5.objects.ThermalDomain, ThermalDomain -> RISCV/python/_m5/param_ThermalDomain.cc
 [     CXX] RISCV/sim/power/ThermalModel.py.cc -> .o
 [SO Param] m5.objects.ThermalModel, ThermalNode -> RISCV/python/_m5/param_ThermalNode.cc
 [SO Param] m5.objects.ThermalModel, ThermalResistor -> RISCV/python/_m5/param_ThermalResistor.cc
 [SO Param] m5.objects.ThermalModel, ThermalCapacitor -> RISCV/python/_m5/param_ThermalCapacitor.cc
 [SO Param] m5.objects.ThermalModel, ThermalReference -> RISCV/python/_m5/param_ThermalReference.cc
 [SO Param] m5.objects.ThermalModel, ThermalNode -> RISCV/params/ThermalNode.hh
 [SO Param] m5.objects.ThermalModel, ThermalResistor -> RISCV/params/ThermalResistor.hh
 [SO Param] m5.objects.ThermalModel, ThermalModel -> RISCV/python/_m5/param_ThermalModel.cc
 [SO Param] m5.objects.ThermalModel, ThermalCapacitor -> RISCV/params/ThermalCapacitor.hh
 [SO Param] m5.objects.ThermalModel, ThermalReference -> RISCV/params/ThermalReference.hh
 [ TRACING]  -> RISCV/debug/ThermalDomain.hh
 [ TRACING]  -> RISCV/debug/ThermalDomain.cc
 [     CXX] RISCV/sim/probe/Probe.py.cc -> .o
 [SO Param] m5.objects.Probe, ProbeListenerObject -> RISCV/python/_m5/param_ProbeListenerObject.cc
 [ TRACING]  -> RISCV/debug/ProbeVerbose.hh
 [ TRACING]  -> RISCV/debug/ProbeVerbose.cc
 [     CXX] RISCV/sst/OutgoingRequestBridge.py.cc -> .o
 [SO Param] m5.objects.OutgoingRequestBridge, OutgoingRequestBridge -> RISCV/python/_m5/param_OutgoingRequestBridge.cc
 [SO Param] m5.objects.OutgoingRequestBridge, OutgoingRequestBridge -> RISCV/params/OutgoingRequestBridge.hh
 [     CXX] RISCV/systemc/Tlm.py.cc -> .o
 [SO Param] m5.objects.SystemC, SystemC_Kernel -> RISCV/params/SystemC_Kernel.hh
 [     CXX] RISCV/systemc/core/SystemC.py.cc -> .o
 [SO Param] m5.objects.SystemC, SystemC_Kernel -> RISCV/python/_m5/param_SystemC_Kernel.cc
 [SO Param] m5.objects.SystemC, SystemC_ScObject -> RISCV/python/_m5/param_SystemC_ScObject.cc
 [SO Param] m5.objects.SystemC, SystemC_ScModule -> RISCV/python/_m5/param_SystemC_ScModule.cc
 [SO Param] m5.objects.SystemC, SystemC_ScObject -> RISCV/params/SystemC_ScObject.hh
 [     CXX] RISCV/systemc/python/systemc.py.cc -> .o
 [SO Param] m5.objects.SystemC, SystemC_ScModule -> RISCV/params/SystemC_ScModule.hh
 [     CXX] RISCV/systemc/python/tlm.py.cc -> .o
 [     CXX] RISCV/systemc/tlm_bridge/TlmBridge.py.cc -> .o
 [SO Param] m5.objects.TlmBridge, Gem5ToTlmBridgeBase -> RISCV/python/_m5/param_Gem5ToTlmBridgeBase.cc
 [SO Param] m5.objects.TlmBridge, Gem5ToTlmBridgeBase -> RISCV/params/Gem5ToTlmBridgeBase.hh
 [SO Param] m5.objects.TlmBridge, TlmToGem5BridgeBase -> RISCV/python/_m5/param_TlmToGem5BridgeBase.cc
 [SO Param] m5.objects.TlmBridge, Gem5ToTlmBridge32 -> RISCV/python/_m5/param_Gem5ToTlmBridge32.cc
 [SO Param] m5.objects.TlmBridge, Gem5ToTlmBridge64 -> RISCV/python/_m5/param_Gem5ToTlmBridge64.cc
 [SO Param] m5.objects.TlmBridge, TlmToGem5BridgeBase -> RISCV/params/TlmToGem5BridgeBase.hh
 [SO Param] m5.objects.TlmBridge, Gem5ToTlmBridge128 -> RISCV/python/_m5/param_Gem5ToTlmBridge128.cc
 [SO Param] m5.objects.TlmBridge, Gem5ToTlmBridge32 -> RISCV/params/Gem5ToTlmBridge32.hh
 [SO Param] m5.objects.TlmBridge, Gem5ToTlmBridge64 -> RISCV/params/Gem5ToTlmBridge64.hh
 [SO Param] m5.objects.TlmBridge, Gem5ToTlmBridge256 -> RISCV/python/_m5/param_Gem5ToTlmBridge256.cc
 [SO Param] m5.objects.TlmBridge, Gem5ToTlmBridge512 -> RISCV/python/_m5/param_Gem5ToTlmBridge512.cc
 [SO Param] m5.objects.TlmBridge, Gem5ToTlmBridge128 -> RISCV/params/Gem5ToTlmBridge128.hh
 [SO Param] m5.objects.TlmBridge, TlmToGem5Bridge32 -> RISCV/python/_m5/param_TlmToGem5Bridge32.cc
 [SO Param] m5.objects.TlmBridge, TlmToGem5Bridge64 -> RISCV/python/_m5/param_TlmToGem5Bridge64.cc
 [SO Param] m5.objects.TlmBridge, TlmToGem5Bridge128 -> RISCV/python/_m5/param_TlmToGem5Bridge128.cc
 [SO Param] m5.objects.TlmBridge, Gem5ToTlmBridge256 -> RISCV/params/Gem5ToTlmBridge256.hh
 [SO Param] m5.objects.TlmBridge, Gem5ToTlmBridge512 -> RISCV/params/Gem5ToTlmBridge512.hh
 [SO Param] m5.objects.TlmBridge, TlmToGem5Bridge32 -> RISCV/params/TlmToGem5Bridge32.hh
 [SO Param] m5.objects.TlmBridge, TlmToGem5Bridge256 -> RISCV/python/_m5/param_TlmToGem5Bridge256.cc
 [SO Param] m5.objects.TlmBridge, TlmToGem5Bridge64 -> RISCV/params/TlmToGem5Bridge64.hh
 [SO Param] m5.objects.TlmBridge, TlmToGem5Bridge128 -> RISCV/params/TlmToGem5Bridge128.hh
 [SO Param] m5.objects.TlmBridge, TlmToGem5Bridge512 -> RISCV/python/_m5/param_TlmToGem5Bridge512.cc
 [ TRACING]  -> RISCV/debug/TlmBridge.hh
 [SO Param] m5.objects.TlmBridge, TlmToGem5Bridge256 -> RISCV/params/TlmToGem5Bridge256.hh
 [SO Param] m5.objects.TlmBridge, TlmToGem5Bridge512 -> RISCV/params/TlmToGem5Bridge512.hh
 [ TRACING]  -> RISCV/debug/TlmBridge.cc
 [     CXX] RISCV/python/m5/defines.py.cc -> .o
 [     CXX] RISCV/python/m5/info.py.cc -> .o
 [     CXX] src/base/date.cc -> RISCV/base/date.o
 [    LINK]  -> RISCV/gem5.opt
scons: done building targets.
*** Summary of Warnings ***
Warning: Header file <capstone/capstone.h> not found.
         This host has no capstone library installed.
